{"agency":"CEQ","generated":"2015-02-05 15:11:18","items":[{"id":"1","parent":null,"text":"Reporting Quarter","due":null,"due_date":"2012\/10\/15","fields":[{"type":"select","name":"2-1-year","label":"Reporting Year","options":[{"label":"2011","value":"2011"},{"label":"2012","value":"2012"},{"label":"2013","value":"2013"},{"label":"2014","value":"2014"},{"label":"2015","value":"2015"}],"value":"2015"},{"type":"select","name":"2-1-quarter","label":"Reporting Quarter","options":[{"label":"Q1","value":"Q1"},{"label":"Q2","value":"Q2"},{"label":"Q3","value":"Q3"},{"label":"Q4","value":"Q4"}],"value":"Q1"}],"multiple":false},{"id":"1-1","parent":"1","text":"Ten Oldest Requests","due":null,"due_date":"2012\/10\/15","fields":[{"type":"select","name":"2-1-1-oldest","label":"Ten Oldest","options":[{"label":"0","value":"0"},{"label":"1","value":"1"},{"label":"2","value":"2"},{"label":"3","value":"3"},{"label":"4","value":"4"},{"label":"5","value":"5"},{"label":"6","value":"6"},{"label":"7","value":"7"},{"label":"8","value":"8"},{"label":"9","value":"9"},{"label":"10","value":"10"}],"value":"10"}],"multiple":false},{"id":"1-3","parent":"1","text":"","due":null,"due_date":"2012\/10\/15","fields":[{"type":"select","name":"2-1-3-closed","label":"Ten Oldest Closed","options":[{"label":"0","value":"0"},{"label":"1","value":"1"},{"label":"2","value":"2"},{"label":"3","value":"3"},{"label":"4","value":"4"},{"label":"5","value":"5"},{"label":"6","value":"6"},{"label":"7","value":"7"},{"label":"8","value":"8"},{"label":"9","value":"9"},{"label":"10","value":"10"}],"value":"4"}],"multiple":false},{"id":"1-2","parent":"1","text":"FOIA Requests Information","due":null,"due_date":"2012\/08\/21","fields":[{"type":"text","name":"2-1-2-component","label":"Component","options":[],"value":["CEQ"]},{"type":"text","name":"2-1-2-received","label":"Received","options":[],"value":["13"]},{"type":"text","name":"2-1-2-processed","label":"Processed","options":[],"value":["17"]},{"type":"text","name":"2-1-2-backlog","label":"Backlog","options":[],"value":["25"]}],"multiple":true}],"year":"2015","quarter":"Q1"}