<?xml version="1.0" encoding="iso-8859-1"?>
<!DOCTYPE appendix-chapter
  SYSTEM "appendix_chapter.dtd">
<appendix-chapter id="_AAAA" fiscal-year="2018" fiscal-year-datatype="number"><header>ADVANCE APPROPRIATIONS                                                                                                                                              </header><agency id="_997" agency-code="997"><header>Advance Appropriations                                                                                                                                              </header><agency-intro-section/><bureau-group id="_00"><header>NO BUREAU GROUP                                                 </header><bureau id="_99700" bureau-code="00"><header>Advance Appropriations                                                                                                                                              </header><fund-class id="_997009"><header>No Fund Title</header><fund-group id="DUMMY"><header/><account id="_99700PPPPP" account-code="PPPP" treasury-code="" level-in-dtd="ACCOUNT                                                         " account-deleted="N"><acctgrpheader id="  ">                                                                                                                                                                    </acctgrpheader><header>ADVANCE APPROPRIATIONS                                                                                                                                              </header><transmit id="_99700PPPPP0"><header>Enacted/requested                                               </header><narrative><para indent-level="1" justification="flush">An advance appropriation is one made to become available one year or more beyond the year for which the appropriations act is passed. Advance appropriations in 2018 appropriations acts will become available for programs in 2019 or beyond. Since these appropriations are not available until after 2018, the amounts will not be included in the 2018 totals, but will be reflected in the totals for the year for which they are requested.</para><para indent-level="1" justification="flush">The Congressional Budget Act of 1974 (31 U.S.C. 1105(a)(17)) requires inclusion in the budget of "information on estimates of appropriations for the fiscal year following the fiscal year for which the budget is submitted for grants, contracts, and other payments under each program for which there is an authorization of appropriations for that following fiscal year when the appropriations are authorized to be included in an appropriation law for the fiscal year before the fiscal year in which the appropriation is to be available for obligation." In fulfillment of this requirement, the accompanying table lists those accounts that have either received discretionary or mandatory advance appropriations since 2016 or will request, in 2018, advance appropriations for 2019 and beyond and cites the applicable authorizing statute.</para><para indent-level="1" justification="flush">The Continuing Appropriations Act, 2017 (Division C of Public Law 114-223, as amended by Division A of Public Law 114-254 and amended further by Public Law 115-30), which was in place at the time the budget was prepared, does not explicitly address advance appropriations for 2018. As a result, this Budget, as illustrated by the accompanying table, assumes a full-year continuing resolution will be enacted and that specific legislative anomaly language will be included to make 2018 advance appropriations available.  This is in order to ensure comparability with annual funding provided under the Continuing Appropriations Act, 2017, and to depict accurately the 2018 discretionary request levels compared to the discretionary budget authority caps enacted in the Balanced Budget and Emergency Deficit Control Act of 1985, as amended.  In general, the Budget assumes that the 2018 level that would be enacted in the legislative anomaly for discretionary appropriations is equal to the 2017 advance appropriations that were enacted in the 2016 appropriations acts.  However, the Budget also proposes to cancel portions of the funds assumed to be advance appropriated for Training and Employment Services at the Department of Labor, as well as two-year funds advance appropriated for the Corporation for Public Broadcasting, resulting in an overall 2018 assumed advance appropriation level below the 2017 assumed enacted amounts.  In addition, for the Department of Veterans Affairs, the Budget reflects the 2018 level enacted in the Military Construction, Veterans Affairs, and Related Agencies Appropriations Act, 2017 (Division A of Public Law 114-223). For the mandatory advance appropriations, the Budget assumes the 2018 baseline level.</para><para indent-level="1" justification="flush">For additional information on advance appropriations, please refer to the Budget Process chapter in the <italic>Analytical Perspectives</italic> volume.</para><table tabletype="aaa"><ttitle>Advance Appropriations by Agency in the 2017 Budget</ttitle><subheader>(Budget authority in millions of dollars)</subheader><tgroup cols="5"><thead><row><entry colname="col1"/><entry colname="col2" nameend="col4" namest="col2">Pre-cancellation, Pre-Transfer Enacted Levels </entry><entry colname="col3"> </entry><entry colname="col4"> </entry><entry colname="col5"> </entry></row><row><entry colname="col1">Agency/Program</entry><entry colname="col2">2016</entry><entry colname="col3">2017</entry><entry colname="col4">2018</entry><entry colname="col5">2019 Request</entry></row></thead><tbody><row><entry colname="col1">Discretionary One-year Advances:</entry><entry colname="col2"/><entry colname="col3"/><entry colname="col4"/><entry colname="col5"/></row><row><entry colname="col1" stub-hierarchy="1">Department of Education (20 U.S.C. 1223):</entry><entry colname="col2"/><entry colname="col3"/><entry colname="col4"/><entry colname="col5"/></row><row><entry colname="col1" entry-modify="force-ldr" stub-hierarchy="2">Education for the Disadvantaged</entry><entry colname="col2">10,841</entry><entry colname="col3">10,841</entry><entry colname="col4">10,841</entry><entry colname="col5">11,682</entry></row><row><entry colname="col1" entry-modify="force-ldr" stub-hierarchy="2">Special Education</entry><entry colname="col2">9,283</entry><entry colname="col3">9,283</entry><entry colname="col4">9,283</entry><entry colname="col5">10,124</entry></row><row><entry colname="col1" entry-modify="force-ldr" stub-hierarchy="2">Career, Technical, and Adult Education</entry><entry colname="col2">791</entry><entry colname="col3">791</entry><entry colname="col4">791</entry><entry colname="col5">791</entry></row><row><entry colname="col1" entry-modify="force-ldr" stub-hierarchy="2">School Improvement Programs</entry><entry colname="col2">1,681</entry><entry colname="col3">1,681</entry><entry colname="col4">1,681</entry><entry colname="col5">.......</entry></row><row><entry colname="col1" stub-hierarchy="1">Department of Housing and Urban Development (42 U.S.C. 1437 et seq.):</entry><entry colname="col2"/><entry colname="col3"/><entry colname="col4"/><entry colname="col5"/></row><row><entry colname="col1" entry-modify="force-ldr" stub-hierarchy="2">Tenant-Based Rental Assistance</entry><entry colname="col2">4,000</entry><entry colname="col3">4,000</entry><entry colname="col4">4,000</entry><entry colname="col5">4,000</entry></row><row><entry colname="col1" entry-modify="force-ldr" stub-hierarchy="2">Project-Based Rental Assistance</entry><entry colname="col2">400</entry><entry colname="col3">400</entry><entry colname="col4">400</entry><entry colname="col5">400</entry></row><row><entry colname="col1" stub-hierarchy="1">Department of Labor:</entry><entry colname="col2"/><entry colname="col3"/><entry colname="col4"/><entry colname="col5"/></row><row><entry colname="col1" entry-modify="force-ldr" stub-hierarchy="2">Training and Employment Services (29 U.S.C. 2801 et seq.)</entry><entry colname="col2">1,772</entry><entry colname="col3">1,772</entry><entry colname="col4">1,772</entry><entry colname="col5">873</entry></row><row><entry colname="col1" entry-modify="force-ldr" stub-hierarchy="3"><italic>Proposed Cancellation of 2018 Enacted Advance</italic><superscript>1</superscript></entry><entry colname="col2">.......</entry><entry colname="col3">.......</entry><entry colname="col4">-899</entry><entry colname="col5">.......</entry></row><row><entry colname="col1" stub-hierarchy="1">Department of Veterans Affairs (Public Law 111-81):</entry><entry colname="col2"/><entry colname="col3"/><entry colname="col4"/><entry colname="col5"/></row><row><entry colname="col1" entry-modify="force-ldr" stub-hierarchy="2">Medical Services</entry><entry colname="col2">47,603</entry><entry colname="col3">51,673</entry><entry colname="col4">44,887</entry><entry colname="col5">49,161</entry></row><row><entry colname="col1" entry-modify="force-ldr" stub-hierarchy="2">Medical Support and Compliance</entry><entry colname="col2">6,144</entry><entry colname="col3">6,524</entry><entry colname="col4">6,654</entry><entry colname="col5">7,239</entry></row><row><entry colname="col1" entry-modify="force-ldr" stub-hierarchy="2">Medical Facilities</entry><entry colname="col2">4,915</entry><entry colname="col3">5,074</entry><entry colname="col4">5,435</entry><entry colname="col5">5,914</entry></row><row><entry colname="col1" entry-modify="force-ldr" stub-hierarchy="2">Medical Community Care</entry><entry colname="col2"><italic>.......</italic></entry><entry colname="col3"><italic>.......</italic></entry><entry colname="col4">9,409</entry><entry colname="col5">8,385</entry></row><row><entry colname="col1" entry-modify="force-ldr" stub-hierarchy="3"><italic>Enacted (Public Law 114-113 and Public Law 114-223) Cancellations and Reappropriations</italic><superscript>2</superscript></entry><entry colname="col2"><italic> -1,750</italic></entry><entry colname="col3"><italic> -7,246</italic></entry><entry colname="col4"><italic>.......</italic></entry><entry colname="col5"><italic>.......</italic></entry></row><row><entry colname="col1" entry-modify="force-ldr" stub-hierarchy="3"><italic>2017 Enacted Cancellations (Public Law 114-223)</italic></entry><entry colname="col2"><italic>.......</italic></entry><entry colname="col3"><italic>-169</italic></entry><entry colname="col4"><italic>.......</italic></entry><entry colname="col5"><italic>.......</italic></entry></row><row><entry colname="col1" stub-hierarchy="1">Postal Service:</entry><entry colname="col2"/><entry colname="col3"/><entry colname="col4"/><entry colname="col5"/></row><row><entry colname="col1" entry-modify="force-ldr" stub-hierarchy="2">Payment to Postal Service Fund (39 U.S.C. 2401)</entry><entry colname="col2">41</entry><entry colname="col3">.......</entry><entry colname="col4">.......</entry><entry colname="col5">.......</entry></row><row><entry colname="col1">Discretionary Two-year Advances:</entry><entry colname="col2"/><entry colname="col3"/><entry colname="col4"/><entry colname="col5"/></row><row><entry colname="col1" entry-modify="force-ldr" stub-hierarchy="2">Corporation for Public Broadcasting (47 U.S.C. 396)<superscript>3</superscript></entry><entry colname="col2">445</entry><entry colname="col3">445</entry><entry colname="col4">445</entry><entry colname="col5">445</entry></row><row><entry colname="col1" entry-modify="force-ldr" stub-hierarchy="3"><italic>Proposed Cancellation of 2018 and 2019 Enacted Advances</italic><superscript>4</superscript></entry><entry colname="col2" rowsep="1"><italic>.......</italic></entry><entry colname="col3" rowsep="1"><italic>.......</italic></entry><entry colname="col4" rowsep="1"><italic>-415</italic></entry><entry colname="col5" rowsep="1"><italic>-445</italic></entry></row><row><entry colname="col1" entry-modify="force-ldr" stub-hierarchy="1"><italic>Subtotal, Discretionary Advance Appropriations</italic></entry><entry colname="col2"><italic>86,166</italic></entry><entry colname="col3"><italic>85,069</italic></entry><entry colname="col4"><italic>94,284</italic></entry><entry colname="col5"><italic>98,569</italic></entry></row><row><entry colname="col1">Mandatory:</entry><entry colname="col2"/><entry colname="col3"/><entry colname="col4"/><entry colname="col5"/></row><row><entry colname="col1" stub-hierarchy="1">Department of Health and Human Services:</entry><entry colname="col2"/><entry colname="col3"/><entry colname="col4"/><entry colname="col5"/></row><row><entry colname="col1" entry-modify="force-ldr" stub-hierarchy="2">Grants to States for Medicaid (42 U.S.C. 1396-1)</entry><entry colname="col2">113,272</entry><entry colname="col3">115,583</entry><entry colname="col4">125,219</entry><entry colname="col5">134,848</entry></row><row><entry colname="col1" entry-modify="force-ldr" stub-hierarchy="2">Payments to States for Child Support Enforcement and Family Support (24 U.S.C. Ch. 9)</entry><entry colname="col2">1,160</entry><entry colname="col3">1,300</entry><entry colname="col4">1,400</entry><entry colname="col5">1,400</entry></row><row><entry colname="col1" entry-modify="force-ldr" stub-hierarchy="2">Payments for Foster Care and Permanency (Public Law 96-272)</entry><entry colname="col2">2,300</entry><entry colname="col3">2,300</entry><entry colname="col4">2,500</entry><entry colname="col5">2,700</entry></row><row><entry colname="col1" stub-hierarchy="1">Department of Labor:</entry><entry colname="col2"/><entry colname="col3"/><entry colname="col4"/><entry colname="col5"/></row><row><entry colname="col1" entry-modify="force-ldr" stub-hierarchy="2">Special Benefits for Disabled Coal Miners (30 U.S.C. 921)</entry><entry colname="col2">21</entry><entry colname="col3">19</entry><entry colname="col4">16</entry><entry colname="col5">15</entry></row><row><entry colname="col1">Department of Veterans Affairs (Public Law 113-235):<superscript>5</superscript></entry><entry colname="col2"/><entry colname="col3"/><entry colname="col4"/><entry colname="col5"/></row><row><entry colname="col1" entry-modify="force-ldr" stub-hierarchy="2">Compensation and Pensions</entry><entry colname="col2">.......</entry><entry colname="col3">86,083</entry><entry colname="col4">89,894</entry><entry colname="col5">92,308</entry></row><row><entry colname="col1" entry-modify="force-ldr" stub-hierarchy="2">Readjustment Benefits</entry><entry colname="col2">.......</entry><entry colname="col3">16,341</entry><entry colname="col4">13,667</entry><entry colname="col5">11,789</entry></row><row><entry colname="col1" entry-modify="force-ldr" stub-hierarchy="2">Veterans Insurance and Indemnities</entry><entry colname="col2">.......</entry><entry colname="col3">109</entry><entry colname="col4">120</entry><entry colname="col5">109</entry></row><row><entry colname="col1" stub-hierarchy="1">Social Security Administration:</entry><entry colname="col2"/><entry colname="col3"/><entry colname="col4"/><entry colname="col5"/></row><row><entry colname="col1" entry-modify="force-ldr" stub-hierarchy="2">Supplemental Security Income Program (42 U.S.C. 1381)</entry><entry colname="col2" rowsep="1">19,200</entry><entry colname="col3" rowsep="1">14,500</entry><entry colname="col4" rowsep="1">15,000</entry><entry colname="col5" rowsep="1">19,500</entry></row><row><entry colname="col1" entry-modify="force-ldr"><italic>Total, Advance Appropriations</italic></entry><entry colname="col2"><italic>222,119</italic></entry><entry colname="col3"><italic>321,304</italic></entry><entry colname="col4"><italic>339,100</italic></entry><entry colname="col5"><italic>361,238</italic></entry></row></tbody></tgroup><tablenote><superscript>1</superscript>The 2018 request proposes to cancel $899 million from the one-year funds advance appropriated for Training and Employment Services in 2018 assumed to be enacted in the final 2017 appropriations acts.</tablenote><tablenote><superscript>2</superscript>The Consolidated Appropriations Act, 2016 (Public Law 114-113) cancelled $1,750 million from the one-year funds advance appropriated for 2016 in Public Law 113-235 and reappropriated an equal amount with an extended period of availability. The Military Construction, Veterans Affairs, and Related Agencies Appropriations Act, 2017 (Public Law 114-223) cancelled $7,246 million from the funds advance appropriated for 2017 for Medical Services and reappropriated an equal amount to the new Medical Community Care account. </tablenote><tablenote><superscript>3</superscript>The 2019 advance appropriation for the Corporation for Public Broadcasting of $445 million is assumed to be enacted in the final 2017 appropriations acts, consistent with the historical practice of providing the Corporation a two-year advance appropriation.  The 2018 request does not include any advance appropriations for the Corporation in 2020.</tablenote><tablenote><superscript>4</superscript>The 2018 request proposes to cancel $415 million from funds advance appropriated for the Corporation for Public Broadcasting in 2018 by the Consolidated Appropriations Act, 2016 (Public Law 114-113) and any advance appropriations for 2019 assumed to be enacted in the final 2017 appropriations acts.</tablenote><tablenote><superscript>5</superscript>The 2019 amounts are net of the $3,394 million in savings for Compensation and Pension and $43 million in savings for Readjustment Benefits that will result from enactment of authorizing legislation that is proposed as part of the 2018 President's Budget.</tablenote></table></narrative></transmit></account></fund-group></fund-class></bureau></bureau-group></agency></appendix-chapter>