<?xml version="1.0" encoding="iso-8859-1"?>
<!DOCTYPE appendix-chapter
  SYSTEM "appendix_chapter.dtd">
<appendix-chapter id="_061A" fiscal-year="2018" fiscal-year-datatype="number"><header>GOVERNMENT-SPONSORED ENTERPRISES                                                                                                                                    </header><agency id="_910" agency-code="910"><header>Government-Sponsored Enterprises                                                                                                                                    </header><agency-intro-section/><bureau-group id="_00"><header>NO BUREAU GROUP                                                 </header><bureau id="_91000" bureau-code="00"><header>Government Sponsored Enterprises                                                                                                                                    </header><bureau-intro-section><subheader/><narrative><para indent-level="1" justification="flush">This chapter contains descriptions of the data on the Government-sponsored enterprises listed below. These enterprises were established and chartered by the Federal Government for public policy purposes. They are not included in the Federal Budget because they are private companies, and their securities are not backed by the full faith and credit of the Federal Government. However, because of their public purpose, detailed statements of financial condition are presented, to the extent such information is available, on a basis that is as consistent as practicable with the basis for the budget data of Government agencies. </para><para indent-level="1" justification="flush">_The Federal National Mortgage Association and the Federal Home Loan Mortgage Corporation provide assistance to the secondary market for residential mortgages.</para><para indent-level="1" justification="flush">_The Federal Home Loan Banks assist thrift institutions, banks, insurance companies, and credit unions in providing financing for housing and community development.</para><para indent-level="1" justification="flush">_Institutions of the Farm Credit System, which include the Agricultural Credit Bank and Farm Credit Banks, provide financial assistance to agriculture. They are regulated by the Farm Credit Administration.</para><para indent-level="1" justification="flush">_The Federal Agricultural Mortgage Corporation, also a Farm Credit System institution under the regulation of the Farm Credit Administration, provides a secondary market for agricultural real estate, rural housing loans, and certain rural utility loans, as well as for farm and business loans guaranteed by the U.S. Department of Agriculture.</para></narrative></bureau-intro-section><fund-class id="_910009"><header>No Fund Title</header><fund-group id="DUMMY"><header/><account id="_91000WWWWW" account-code="WWWW" treasury-code="" level-in-dtd="BUREAU INTRO                                                    " account-deleted="N"><acctgrpheader id="  ">                                                                                                                                                                    </acctgrpheader><header>Bureau Intro                                                                                                                                                        </header><transmit id="_91000WWWWW0"><header>Enacted/requested                                               </header></transmit></account></fund-group></fund-class></bureau></bureau-group></agency><agency id="_915" agency-code="915"><header>Federal National Mortgage Association                                                                                                                               </header><agency-intro-section/><bureau-group id="_00"><header>NO BUREAU GROUP                                                 </header><bureau id="_91500" bureau-code="00"><header>Federal National Mortgage Association                                                                                                                               </header><fund-class id="_915001"><header>Federal Funds</header><fund-group id="DUMMY"><header/><account id="_915004986" account-code="4986" treasury-code="39-4986" level-in-dtd="ACCOUNT                                                         " account-deleted="N"><acctgrpheader id="  ">                                                                                                                                                                    </acctgrpheader><header>Portfolio Programs                                                                                                                                                  </header><transmit id="_9150049860"><header>Enacted/requested                                               </header><narrative><para indent-level="1" justification="flush">The Federal National Mortgage Association (Fannie Mae) is a Government-sponsored enterprise (GSE) in the housing finance market. As a housing GSE, Fannie Mae is a federally chartered, shareholder-owned, private company with a public mission to provide stability in and increase the liquidity of the residential mortgage market and to help increase the availability of mortgage credit to low- and moderate-income families and in underserved areas. Fannie Mae engages primarily in two forms of business: guaranteeing residential mortgage securities and investing in portfolios of residential mortgages.</para><para indent-level="1" justification="flush">Fannie Mae was established in 1938 to assist private markets in providing a steady supply of funds for housing. Fannie Mae was originally a subsidiary of the Reconstruction Finance Corporation and was permitted to purchase only loans insured by the Federal Housing Administration (FHA). In 1954, Fannie Mae was restructured as a mixed ownership (part government, part private) corporation. Legislation directed the sale of the Government's remaining interest in Fannie Mae in 1968 and completed the transformation to private shareholder ownership in 1970.</para><para indent-level="1" justification="flush">The Housing and Economic Recovery Act (HERA) of 2008 reformed housing GSE regulation by creating the Federal Housing Finance Agency (FHFA), a new independent regulator, and providing temporary authority for the U.S. Department of the Treasury to purchase obligations of the housing GSEs. On September 6, 2008, FHFA placed Fannie Mae under Federal conservatorship in response to the GSEs' declining capital adequacy and to support the safety and soundness of the GSEs. On the following day, the U.S. Department of the Treasury entered into a Senior Preferred Stock Purchase Agreement (PSPA) with Fannie Mae to make investments of up to $100 billion in senior preferred stock as required to maintain positive equity. In May 2009, Treasury increased the funding commitments for the PSPA to $200 billion and in December 2009, Treasury modified the funding commitments in the PSPA to the greater of $200 billion or $200 billion plus cumulative net worth deficits experienced during 2010-2012, less any surplus remaining as of December 31, 2012. Based on the financial results reported by Fannie Mae as of December 31, 2012, and under the terms of the PSPA, the cumulative funding commitment cap for Fannie Mae was set at $233.7 billion. As of March 31, 2017, Fannie Mae had received $116.1 billion under the PSPA and made a total of $159.8 billion in dividend payments to Treasury on the senior preferred stock. The Budget continues to reflect the GSEs as non-budgetary entities, though their status will continue to be reviewed. All of the current federal assistance being provided to Fannie Mae, including the PSPA, is shown on-budget. For additional discussion and analyses of Fannie Mae, please see the <italic>Analytical Perspectives</italic> volume of the Budget documents.</para></narrative><schedules><schedule id="_915004986004" schedule-code="VGOV04394986"><table line-rules="no-gen" tabletype="3643"><ttitle>Status of Direct Loans</ttitle><subheader>(in millions of dollars)</subheader><tgroup cols="5"><thead><row><entry namest="col1" nameend="col2">Identification code 915-4986-0-4-371</entry><entry colname="col3">2016 actual</entry><entry colname="col4">2017 est.</entry><entry colname="col5">2018 est.</entry></row></thead><tbody><row><entry colname="col1"/><entry colname="col2" stub-hierarchy="0">Cumulative balance of direct loans outstanding:</entry></row><row><entry colname="col1">1210</entry><entry colname="col2" stub-hierarchy="1">Outstanding, start of year</entry><entry colname="col3">370,450</entry><entry colname="col4">306,537</entry><entry colname="col5">288,408</entry></row><row><entry colname="col1">1251</entry><entry colname="col2" stub-hierarchy="1">Repayments: Net repayments and prepayments</entry><entry colname="col3" rowsep="1">-63,913</entry><entry colname="col4" rowsep="1">-18,129</entry><entry colname="col5" rowsep="1">-38,408</entry></row><row><entry colname="col1">1290</entry><entry colname="col2" stub-hierarchy="2">Outstanding, end of year</entry><entry colname="col3">306,537</entry><entry colname="col4">288,408</entry><entry colname="col5">250,000</entry></row></tbody></tgroup></table></schedule><schedule id="_915004986007" schedule-code="VGOV07394986"><table line-rules="no-gen" tabletype="3633"><ttitle>Balance Sheet</ttitle><subheader>(in millions of dollars)</subheader><tgroup cols="4"><thead><row><entry namest="col1" nameend="col2">Identification code 915-4986-0-4-371</entry><entry colname="col3">2015 actual</entry><entry colname="col4">2016 actual</entry></row></thead><tbody><row><entry colname="col1"/><entry colname="col2" stub-hierarchy="0">ASSETS:</entry></row><row><entry colname="col1"/><entry colname="col2" stub-hierarchy="1">Federal assets:</entry></row><row><entry colname="col1"/><entry colname="col2" stub-hierarchy="2">Investments in US securities:</entry></row><row><entry colname="col1">1102</entry><entry colname="col2" stub-hierarchy="3">Treasury securities, par</entry><entry colname="col3">26,961</entry><entry colname="col4">31,277</entry></row><row><entry colname="col1">1201</entry><entry colname="col2" stub-hierarchy="1">Non-Federal assets: Investments in non-Federal securities, net</entry><entry colname="col3">26,600</entry><entry colname="col4">7,985</entry></row><row><entry colname="col1"/><entry colname="col2" stub-hierarchy="1">Net value of assets related to direct loans receivable and acquired defaulted guaranteed loans receivable:</entry></row><row><entry colname="col1">1601</entry><entry colname="col2" stub-hierarchy="2">Mortgage Loans and Mortgage Related Securities</entry><entry colname="col3">248,930</entry><entry colname="col4">227,157</entry></row><row><entry colname="col1">1601</entry><entry colname="col2" stub-hierarchy="2">Mortgage Loans and Mortgage Related Securities - Consolidated Trusts</entry><entry colname="col3" rowsep="1">2,804,581</entry><entry colname="col4" rowsep="1">2,851,304</entry></row><row><entry colname="col1">1604</entry><entry colname="col2" stub-hierarchy="3">Direct loans and interest receivable, net</entry><entry colname="col3">3,053,511</entry><entry colname="col4">3,078,461</entry></row><row><entry colname="col1">1606</entry><entry colname="col2" stub-hierarchy="2">Acquired Property, net</entry><entry colname="col3" rowsep="1">7,691</entry><entry colname="col4" rowsep="1">5,041</entry></row><row><entry colname="col1">1699</entry><entry colname="col2" stub-hierarchy="3">Value of assets related to direct loans</entry><entry colname="col3">3,061,202</entry><entry colname="col4">3,083,502</entry></row><row><entry colname="col1"/><entry colname="col2" stub-hierarchy="1">Other Federal assets:</entry></row><row><entry colname="col1">1801</entry><entry colname="col2" stub-hierarchy="2">Cash and other monetary assets</entry><entry colname="col3">77,007</entry><entry colname="col4">98,077</entry></row><row><entry colname="col1">1901</entry><entry colname="col2" stub-hierarchy="2">Other assets</entry><entry colname="col3" rowsep="1">39,012</entry><entry colname="col4" rowsep="1">35,101</entry></row><row><entry colname="col1">1999</entry><entry colname="col2" stub-hierarchy="2">Total assets</entry><entry colname="col3">3,230,782</entry><entry colname="col4">3,255,942</entry></row><row><entry colname="col1"/><entry colname="col2" stub-hierarchy="0">LIABILITIES:</entry></row><row><entry colname="col1"/><entry colname="col2" stub-hierarchy="1">Non-Federal liabilities:</entry></row><row><entry colname="col1">2202</entry><entry colname="col2" stub-hierarchy="2">Interest payable</entry><entry colname="col3">10,016</entry><entry colname="col4">9,512</entry></row><row><entry colname="col1">2203</entry><entry colname="col2" stub-hierarchy="2">Debt</entry><entry colname="col3">417,458</entry><entry colname="col4">351,568</entry></row><row><entry colname="col1">2203</entry><entry colname="col2" stub-hierarchy="2">Debt - Consolidated Trusts</entry><entry colname="col3">2,788,787</entry><entry colname="col4">2,881,545</entry></row><row><entry colname="col1">2207</entry><entry colname="col2" stub-hierarchy="2">Other</entry><entry colname="col3" rowsep="1">10,518</entry><entry colname="col4" rowsep="1">9,141</entry></row><row><entry colname="col1">2999</entry><entry colname="col2" stub-hierarchy="2">Total liabilities</entry><entry colname="col3">3,226,779</entry><entry colname="col4">3,251,766</entry></row><row><entry colname="col1"/><entry colname="col2" stub-hierarchy="0">NET POSITION:</entry></row><row><entry colname="col1">3300</entry><entry colname="col2" stub-hierarchy="1">Senior Preferred Stock</entry><entry colname="col3">117,149</entry><entry colname="col4">117,149</entry></row><row><entry colname="col1">3300</entry><entry colname="col2" stub-hierarchy="1">Private Equity</entry><entry colname="col3">-113,177</entry><entry colname="col4">-112,973</entry></row><row><entry colname="col1">3300</entry><entry colname="col2" stub-hierarchy="1">Noncontrolling Interest</entry><entry colname="col3" rowsep="1">31</entry><entry colname="col4" entry-modify="force-ldr" rowsep="1"/></row><row><entry colname="col1">3999</entry><entry colname="col2" stub-hierarchy="2">Total net position</entry><entry colname="col3" rowsep="1">4,003</entry><entry colname="col4" rowsep="1">4,176</entry></row><row><entry colname="col1">4999</entry><entry colname="col2" stub-hierarchy="1">Total liabilities and net position</entry><entry colname="col3">3,230,782</entry><entry colname="col4">3,255,942</entry></row></tbody></tgroup></table></schedule></schedules></transmit></account><account id="_915004987" account-code="4987" treasury-code="39-4987" level-in-dtd="ACCOUNT                                                         " account-deleted="N"><acctgrpheader id="  ">                                                                                                                                                                    </acctgrpheader><header>Mortgage-backed Securities                                                                                                                                          </header><transmit id="_9150049870"><header>Enacted/requested                                               </header><narrative><para indent-level="1" justification="flush">Prior to January 1, 2010, the mortgages in the pools of loans supporting the mortgage-backed securities guaranteed by Fannie Mae were considered to be owned by the holders of these securities according to the accounting standards for private corporations. Consequently, on the books of Fannie Mae, these mortgages were not considered assets and the securities outstanding were not considered liabilities. New accounting standards implemented on January 1, 2010, require consolidation of many, but not all, of these securities in Fannie Mae's financial statements. For the purposes of the Budget they are presented as direct loans for mortgage-backed securities. "Disbursements" and "Repayments" are budgetary terms. These items are reported by Fannie Mae as "Issuances" and "Liquidations," respectively.</para></narrative><schedules><schedule id="_915004987004" schedule-code="VGOV04394987"><table line-rules="no-gen" tabletype="3643"><ttitle>Status of Direct Loans</ttitle><subheader>(in millions of dollars)</subheader><tgroup cols="5"><thead><row><entry namest="col1" nameend="col2">Identification code 915-4987-0-4-371</entry><entry colname="col3">2016 actual</entry><entry colname="col4">2017 est.</entry><entry colname="col5">2018 est.</entry></row></thead><tbody><row><entry colname="col1"/><entry colname="col2" stub-hierarchy="0">Cumulative balance of direct loans outstanding:</entry></row><row><entry colname="col1">1210</entry><entry colname="col2" stub-hierarchy="1">Outstanding, start of year</entry><entry colname="col3">2,801,954</entry><entry colname="col4">2,861,296</entry><entry colname="col5">2,861,296</entry></row><row><entry colname="col1">1231</entry><entry colname="col2" stub-hierarchy="1">Disbursements: Direct loan disbursements</entry><entry colname="col3">554,925</entry><entry colname="col4" entry-modify="force-ldr"/><entry colname="col5" entry-modify="force-ldr"/></row><row><entry colname="col1">1251</entry><entry colname="col2" stub-hierarchy="1">Repayments: Repayments and prepayments</entry><entry colname="col3" rowsep="1">-495,583</entry><entry colname="col4" entry-modify="force-ldr" rowsep="1"/><entry colname="col5" entry-modify="force-ldr" rowsep="1"/></row><row><entry colname="col1">1290</entry><entry colname="col2" stub-hierarchy="2">Outstanding, end of year</entry><entry colname="col3">2,861,296</entry><entry colname="col4">2,861,296</entry><entry colname="col5">2,861,296</entry></row></tbody></tgroup></table></schedule></schedules></transmit></account></fund-group></fund-class></bureau></bureau-group></agency><agency id="_914" agency-code="914"><header>Federal Home Loan Mortgage Corporation                                                                                                                              </header><agency-intro-section/><bureau-group id="_00"><header>NO BUREAU GROUP                                                 </header><bureau id="_91400" bureau-code="00"><header>Federal Home Loan Mortgage Corporation                                                                                                                              </header><fund-class id="_914001"><header>Federal Funds</header><fund-group id="DUMMY"><header/><account id="_914004988" account-code="4988" treasury-code="39-4988" level-in-dtd="ACCOUNT                                                         " account-deleted="N"><acctgrpheader id="  ">                                                                                                                                                                    </acctgrpheader><header>Portfolio Programs                                                                                                                                                  </header><transmit id="_9140049880"><header>Enacted/requested                                               </header><narrative><para indent-level="1" justification="flush">The Federal Home Loan Mortgage Corporation (Freddie Mac) is a Government-sponsored enterprise (GSE) in the housing finance market. As a housing GSE, Freddie Mac is a federally chartered, shareholder-owned, private company with a public mission to provide stability in and increase the liquidity of the residential mortgage market, and to help increase the availability of mortgage credit to low- and moderate-income families and in underserved areas. Freddie Mac engages primarily in two forms of business: guaranteeing residential mortgage securities and investing in portfolios of residential mortgages.</para><para indent-level="1" justification="flush">Freddie Mac was established in 1970 under the Emergency Home Finance Act. The Congress chartered Freddie Mac to provide mortgage lenders with an organized national secondary market enabling them to manage their conventional mortgage portfolio more effectively and gain indirect access to a ready source of additional funds to meet new demands for mortgages. Freddie Mac serves as a conduit facilitating the flow of investment dollars from the capital markets to mortgage lenders, and ultimately, to homebuyers.</para><para indent-level="1" justification="flush">The Housing and Economic Recovery Act (HERA) of 2008 reformed housing GSE regulation by creating the Federal Housing Finance Agency (FHFA), a new independent regulator, and provided temporary authority for the U.S. Department of the Treasury to purchase obligations of the housing GSEs. On September 6, 2008, FHFA placed Freddie Mac under Federal conservatorship in response to the GSEs' declining capital adequacy and to support the safety and soundness of the GSEs. On the following day, the U.S. Department of the Treasury entered into a Senior Preferred Stock Purchase Agreement (PSPA) with Freddie Mac to make investments of up to $100 billion in senior preferred stock as required to maintain positive equity. In May 2009, Treasury increased the funding commitments for the PSPA to $200 billion and in December 2009, Treasury modified the funding commitments in the PSPA to the greater of $200 billion or $200 billion plus cumulative net worth deficits experienced during 2010-2012, less any surplus remaining as of December 31, 2012. Based on the financial results reported by Freddie Mac as of December 31, 2012, and under the terms of the PSPA, the cumulative funding commitment cap for Freddie Mac was set at $211.8 billion. As of March 31, 2017, Freddie Mac had received $71.3 billion under the PSPA and made a total of $105.9 billion in dividend payments to Treasury on the senior preferred stock. The Budget continues to reflect the GSEs as non-budgetary entities, though their status will continue to be reviewed. All of the current federal assistance being provided to Freddie Mac, including the PSPA, is shown on-budget. For additional discussion and analyses of Freddie Mac, please see the <italic>Analytical Perspectives</italic> volume of the Budget documents.</para></narrative><schedules><schedule id="_914004988004" schedule-code="VGOV04394988"><table line-rules="no-gen" tabletype="3643"><ttitle>Status of Direct Loans</ttitle><subheader>(in millions of dollars)</subheader><tgroup cols="5"><thead><row><entry namest="col1" nameend="col2">Identification code 913-4988-0-4-371</entry><entry colname="col3">2016 actual</entry><entry colname="col4">2017 est.</entry><entry colname="col5">2018 est.</entry></row></thead><tbody><row><entry colname="col1"/><entry colname="col2" stub-hierarchy="0">Cumulative balance of direct loans outstanding:</entry></row><row><entry colname="col1">1210</entry><entry colname="col2" stub-hierarchy="1">Outstanding, start of year</entry><entry colname="col3">367,145</entry><entry colname="col4">308,114</entry><entry colname="col5">288,408</entry></row><row><entry colname="col1">1251</entry><entry colname="col2" stub-hierarchy="1">Repayments: Repayments and prepayments</entry><entry colname="col3" rowsep="1">-59,031</entry><entry colname="col4" rowsep="1">-19,706</entry><entry colname="col5" rowsep="1">-38,408</entry></row><row><entry colname="col1">1290</entry><entry colname="col2" stub-hierarchy="2">Outstanding, end of year</entry><entry colname="col3">308,114</entry><entry colname="col4">288,408</entry><entry colname="col5">250,000</entry></row></tbody></tgroup></table></schedule><schedule id="_914004988007" schedule-code="VGOV07394988"><table line-rules="no-gen" tabletype="3633"><ttitle>Balance Sheet</ttitle><subheader>(in millions of dollars)</subheader><tgroup cols="4"><thead><row><entry namest="col1" nameend="col2">Identification code 913-4988-0-4-371</entry><entry colname="col3">2015 actual</entry><entry colname="col4">2016 actual</entry></row></thead><tbody><row><entry colname="col1"/><entry colname="col2" stub-hierarchy="0">ASSETS:</entry></row><row><entry colname="col1"/><entry colname="col2" stub-hierarchy="1">Federal assets:</entry></row><row><entry colname="col1"/><entry colname="col2" stub-hierarchy="2">Investments in US securities:</entry></row><row><entry colname="col1">1102</entry><entry colname="col2" stub-hierarchy="3">Treasury securities, par</entry><entry colname="col3">12,158</entry><entry colname="col4">23,579</entry></row><row><entry colname="col1">1201</entry><entry colname="col2" stub-hierarchy="1">Non-Federal assets: Investments in non-Federal securities, net</entry><entry colname="col3">38,738</entry><entry colname="col4">55,673</entry></row><row><entry colname="col1"/><entry colname="col2" stub-hierarchy="1">Net value of assets related to direct loans receivable and acquired defaulted guaranteed loans receivable:</entry></row><row><entry colname="col1">1601</entry><entry colname="col2" stub-hierarchy="2">Mortgage Loans and Mortgage Related Securities</entry><entry colname="col3">239,797</entry><entry colname="col4">207,898</entry></row><row><entry colname="col1">1601</entry><entry colname="col2" stub-hierarchy="2">Mortgage Loans and Mortgage Related Securities - Consolidated Trusts</entry><entry colname="col3" rowsep="1">1,615,291</entry><entry colname="col4" rowsep="1">1,666,352</entry></row><row><entry colname="col1">1604</entry><entry colname="col2" stub-hierarchy="3">Direct loans and interest receivable, net</entry><entry colname="col3">1,855,088</entry><entry colname="col4">1,874,250</entry></row><row><entry colname="col1">1606</entry><entry colname="col2" stub-hierarchy="2">Acquired property, net</entry><entry colname="col3" rowsep="1">1,795</entry><entry colname="col4" rowsep="1">1,272</entry></row><row><entry colname="col1">1699</entry><entry colname="col2" stub-hierarchy="3">Value of assets related to direct loans</entry><entry colname="col3">1,856,883</entry><entry colname="col4">1,875,522</entry></row><row><entry colname="col1"/><entry colname="col2" stub-hierarchy="1">Other Federal assets:</entry></row><row><entry colname="col1">1801</entry><entry colname="col2" stub-hierarchy="2">Cash and other monetary assets</entry><entry colname="col3">36,551</entry><entry colname="col4">41,758</entry></row><row><entry colname="col1">1901</entry><entry colname="col2" stub-hierarchy="2">Other assets</entry><entry colname="col3" rowsep="1">17,817</entry><entry colname="col4" rowsep="1">18,730</entry></row><row><entry colname="col1">1999</entry><entry colname="col2" stub-hierarchy="2">Total assets</entry><entry colname="col3">1,962,147</entry><entry colname="col4">2,015,262</entry></row><row><entry colname="col1"/><entry colname="col2" stub-hierarchy="0">LIABILITIES:</entry></row><row><entry colname="col1"/><entry colname="col2" stub-hierarchy="1">Non-Federal liabilities:</entry></row><row><entry colname="col1">2202</entry><entry colname="col2" stub-hierarchy="2">Interest payable</entry><entry colname="col3">6,135</entry><entry colname="col4">5,890</entry></row><row><entry colname="col1">2203</entry><entry colname="col2" stub-hierarchy="2">Debt</entry><entry colname="col3">408,281</entry><entry colname="col4">378,059</entry></row><row><entry colname="col1">2203</entry><entry colname="col2" stub-hierarchy="2">Debt - Consolidated Trusts</entry><entry colname="col3">1,539,108</entry><entry colname="col4">1,621,782</entry></row><row><entry colname="col1">2207</entry><entry colname="col2" stub-hierarchy="2">Other</entry><entry colname="col3" rowsep="1">7,324</entry><entry colname="col4" rowsep="1">6,021</entry></row><row><entry colname="col1">2999</entry><entry colname="col2" stub-hierarchy="2">Total liabilities</entry><entry colname="col3">1,960,848</entry><entry colname="col4">2,011,752</entry></row><row><entry colname="col1"/><entry colname="col2" stub-hierarchy="0">NET POSITION:</entry></row><row><entry colname="col1">3300</entry><entry colname="col2" stub-hierarchy="1">Senior Preferred Stock</entry><entry colname="col3">72,336</entry><entry colname="col4">72,336</entry></row><row><entry colname="col1">3300</entry><entry colname="col2" stub-hierarchy="1">Private Equity</entry><entry colname="col3" rowsep="1">-71,037</entry><entry colname="col4" rowsep="1">-68,826</entry></row><row><entry colname="col1">3999</entry><entry colname="col2" stub-hierarchy="2">Total net position</entry><entry colname="col3" rowsep="1">1,299</entry><entry colname="col4" rowsep="1">3,510</entry></row><row><entry colname="col1">4999</entry><entry colname="col2" stub-hierarchy="1">Total liabilities and net position</entry><entry colname="col3">1,962,147</entry><entry colname="col4">2,015,262</entry></row></tbody></tgroup></table></schedule></schedules></transmit></account><account id="_914004989" account-code="4989" treasury-code="39-4989" level-in-dtd="ACCOUNT                                                         " account-deleted="N"><acctgrpheader id="  ">                                                                                                                                                                    </acctgrpheader><header>Mortgage-backed Securities                                                                                                                                          </header><transmit id="_9140049890"><header>Enacted/requested                                               </header><narrative><para indent-level="1" justification="flush">Prior to January 1, 2010, the mortgages in the pools of loans supporting the mortgage-backed securities guaranteed by Freddie Mac were considered to be owned by the holders of these securities according to the accounting standards for private corporations. Consequently, on the books of Freddie Mac, these mortgages were not considered assets and the securities outstanding were not considered liabilities. New accounting standards implemented on January 1, 2010, require consolidation of many, but not all, of these securities in Freddie Mac's financial statements. For the purposes of the Budget, they are presented as direct loans for mortgage-backed securities. "Disbursements'' and "Repayments'' are budgetary terms. These items are reported by Freddie Mac as "Issuances" and "Liquidations," respectively.</para></narrative><schedules><schedule id="_914004989004" schedule-code="VGOV04394989"><table line-rules="no-gen" tabletype="3643"><ttitle>Status of Direct Loans</ttitle><subheader>(in millions of dollars)</subheader><tgroup cols="5"><thead><row><entry namest="col1" nameend="col2">Identification code 914-4989-0-4-371</entry><entry colname="col3">2016 actual</entry><entry colname="col4">2017 est.</entry><entry colname="col5">2018 est.</entry></row></thead><tbody><row><entry colname="col1"/><entry colname="col2" stub-hierarchy="0">Cumulative balance of direct loans outstanding:</entry></row><row><entry colname="col1">1210</entry><entry colname="col2" stub-hierarchy="1">Outstanding, start of year</entry><entry colname="col3">1,719,202</entry><entry colname="col4">1,817,855</entry><entry colname="col5">1,817,855</entry></row><row><entry colname="col1">1231</entry><entry colname="col2" stub-hierarchy="1">Disbursements: Direct loan disbursements</entry><entry colname="col3">401,116</entry><entry colname="col4" entry-modify="force-ldr"/><entry colname="col5" entry-modify="force-ldr"/></row><row><entry colname="col1">1251</entry><entry colname="col2" stub-hierarchy="1">Repayments: Repayments and prepayments</entry><entry colname="col3" rowsep="1">-302,463</entry><entry colname="col4" entry-modify="force-ldr" rowsep="1"/><entry colname="col5" entry-modify="force-ldr" rowsep="1"/></row><row><entry colname="col1">1290</entry><entry colname="col2" stub-hierarchy="2">Outstanding, end of year</entry><entry colname="col3">1,817,855</entry><entry colname="col4">1,817,855</entry><entry colname="col5">1,817,855</entry></row></tbody></tgroup></table></schedule></schedules></transmit></account></fund-group></fund-class></bureau></bureau-group></agency><agency id="_913" agency-code="913"><header>Federal Home Loan Bank System                                                                                                                                       </header><agency-intro-section/><bureau-group id="_00"><header>NO BUREAU GROUP                                                 </header><bureau id="_91300" bureau-code="00"><header>Federal Home Loan Bank System                                                                                                                                       </header><fund-class id="_913001"><header>Federal Funds</header><fund-group id="DUMMY"><header/><account id="_913004990" account-code="4990" treasury-code="39-4990" level-in-dtd="ACCOUNT                                                         " account-deleted="N"><acctgrpheader id="  ">                                                                                                                                                                    </acctgrpheader><header>Federal Home Loan Banks                                                                                                                                             </header><transmit id="_9130049900"><header>Enacted/requested                                               </header><narrative><para indent-level="1" justification="flush">The Federal Home Loan Bank System is a Government-sponsored enterprise (GSE) in the housing finance market. The Federal Home Loan Banks were chartered by the Federal Home Loan Bank Board under the authority of the Federal Home Loan Bank Act of 1932 (Act). The 11 Federal Home Loan Banks (FHLBanks) are under the supervision of the Federal Housing Finance Agency (FHFA), established by the Congress in 2008. The common mission of FHLBanks is to facilitate the extension of credit through their members. To accomplish this mission, FHLBanks make loans, called "advances", and provide other credit products and services to their over 7,100 member commercial banks, savings associations, insurance companies, and credit unions. Advances and letters of credit must be fully secured by eligible collateral, and long-term advances may be made only for the purpose of providing funds for residential housing finance. However, "community financial institutions'' may also use long-term advances to finance small businesses, small farms, and small agribusinesses. Additionally, specialized advance programs provide funds for community reinvestment and affordable housing programs. All regulated financial depositories, certified community development financial institutions, and insurance companies engaged in residential housing finance are eligible for membership, and must meet other requirements in the Act to obtain membership. Each FHLBank operates in a geographic district and together FHLBanks cover all of the United States, as well as the District of Columbia, Puerto Rico, the Virgin Islands, Guam, American Samoa, and the Northern Mariana Islands. The principal source of funds for the lending operation is the sale of consolidated obligations to the public. The consolidated obligations are not guaranteed by the U.S. Government as to principal or interest. Other sources of lendable funds include members' deposits and capital. Funds not immediately needed for advances to members are invested. The capital stock of the Federal Home Loan Banks is owned entirely by the members. Initially the U.S. Government purchased stock of the banks in the amount of $125 million. The banks had repurchased the Government's investment in full by mid-1951. The Act, as amended in 1989, requires each FHLBank to operate an Affordable Housing Program (AHP). Each FHLBank provides subsidies in the form of direct grants or below-market rate advances for members that use the funds for qualifying affordable housing projects. Each of the FHLBanks must set aside annually 10 percent of its previous year's net earnings, subject to an aggregate minimum of $100 million, for the AHP. The Act, as amended in 1999, also required that FHLBanks contribute 20 percent of net earnings annually to assist in the payment of interest on bonds issued by the Resolution Funding Corporation until such time as the total payments are equivalent to a $300 million annual annuity with a final maturity date of April 15, 2030. The FHLBanks fulfilled this obligation on August 5, 2011. For additional discussion and analyses of the FHLBanks, please see the <italic>Analytical Perspectives</italic> volume of the Budget.</para></narrative><schedules><schedule id="_913004990004" schedule-code="VGOV04394990"><table line-rules="no-gen" tabletype="3643"><ttitle>Status of Direct Loans</ttitle><subheader>(in millions of dollars)</subheader><tgroup cols="5"><thead><row><entry namest="col1" nameend="col2">Identification code 913-4990-0-4-371</entry><entry colname="col3">2016 actual</entry><entry colname="col4">2017 est.</entry><entry colname="col5">2018 est.</entry></row></thead><tbody><row><entry colname="col1"/><entry colname="col2" stub-hierarchy="0">Cumulative balance of direct loans outstanding:</entry></row><row><entry colname="col1">1210</entry><entry colname="col2" stub-hierarchy="1">Outstanding, start of year</entry><entry colname="col3">636,324</entry><entry colname="col4">735,671</entry><entry colname="col5">735,671</entry></row><row><entry colname="col1">1231</entry><entry colname="col2" stub-hierarchy="1">Disbursements: Direct loan disbursements</entry><entry colname="col3">6,599,502</entry><entry colname="col4">6,599,502</entry><entry colname="col5">6,599,502</entry></row><row><entry colname="col1">1251</entry><entry colname="col2" stub-hierarchy="1">Repayments: Repayments and prepayments</entry><entry colname="col3">-6,498,568</entry><entry colname="col4">-6,599,502</entry><entry colname="col5">-6,599,502</entry></row><row><entry colname="col1">1264</entry><entry colname="col2" stub-hierarchy="1">Write-offs for default: Other adjustments, net (+ or -)</entry><entry colname="col3" rowsep="1">-1,587</entry><entry colname="col4" entry-modify="force-ldr" rowsep="1"/><entry colname="col5" entry-modify="force-ldr" rowsep="1"/></row><row><entry colname="col1">1290</entry><entry colname="col2" stub-hierarchy="2">Outstanding, end of year</entry><entry colname="col3">735,671</entry><entry colname="col4">735,671</entry><entry colname="col5">735,671</entry></row></tbody></tgroup></table></schedule><schedule id="_913004990007" schedule-code="VGOV07394990"><table line-rules="no-gen" tabletype="3633"><ttitle>Balance Sheet</ttitle><subheader>(in millions of dollars)</subheader><tgroup cols="4"><thead><row><entry namest="col1" nameend="col2">Identification code 913-4990-0-4-371</entry><entry colname="col3">2015 actual</entry><entry colname="col4">2016 actual</entry></row></thead><tbody><row><entry colname="col1"/><entry colname="col2" stub-hierarchy="0">ASSETS:</entry></row><row><entry colname="col1"/><entry colname="col2" stub-hierarchy="1">Federal assets:</entry></row><row><entry colname="col1"/><entry colname="col2" stub-hierarchy="2">Investments in US securities:</entry></row><row><entry colname="col1">1102</entry><entry colname="col2" stub-hierarchy="3">Treasury securities, par</entry><entry colname="col3">307</entry><entry colname="col4">1,511</entry></row><row><entry colname="col1"/><entry colname="col2" stub-hierarchy="1">Non-Federal assets:</entry></row><row><entry colname="col1">1201</entry><entry colname="col2" stub-hierarchy="2">Investments in non-Federal securities, net</entry><entry colname="col3">263,134</entry><entry colname="col4">290,231</entry></row><row><entry colname="col1">1206</entry><entry colname="col2" stub-hierarchy="2">Accounts receivable</entry><entry colname="col3">1,106</entry><entry colname="col4">1,201</entry></row><row><entry colname="col1">1401</entry><entry colname="col2" stub-hierarchy="1">Net value of assets related to direct loans receivable: Direct loans receivable, gross</entry><entry colname="col3">636,325</entry><entry colname="col4">735,711</entry></row><row><entry colname="col1"/><entry colname="col2" stub-hierarchy="1">Other Federal assets:</entry></row><row><entry colname="col1">1801</entry><entry colname="col2" stub-hierarchy="2">Cash and other monetary assets</entry><entry colname="col3">17,480</entry><entry colname="col4">5,488</entry></row><row><entry colname="col1">1803</entry><entry colname="col2" stub-hierarchy="2">Property, plant and equipment, net</entry><entry colname="col3">210</entry><entry colname="col4">218</entry></row><row><entry colname="col1">1901</entry><entry colname="col2" stub-hierarchy="2">Other assets</entry><entry colname="col3" rowsep="1">1,364</entry><entry colname="col4" rowsep="1">2,004</entry></row><row><entry colname="col1">1999</entry><entry colname="col2" stub-hierarchy="2">Total assets</entry><entry colname="col3">919,926</entry><entry colname="col4">1,036,364</entry></row><row><entry colname="col1"/><entry colname="col2" stub-hierarchy="0">LIABILITIES:</entry></row><row><entry colname="col1">2101</entry><entry colname="col2" stub-hierarchy="1">Federal liabilities: REFCORP and Affordable Housing Program</entry><entry colname="col3">833</entry><entry colname="col4">912</entry></row><row><entry colname="col1"/><entry colname="col2" stub-hierarchy="1">Non-Federal liabilities:</entry></row><row><entry colname="col1">2202</entry><entry colname="col2" stub-hierarchy="2">Interest payable</entry><entry colname="col3">1,353</entry><entry colname="col4">1,225</entry></row><row><entry colname="col1">2203</entry><entry colname="col2" stub-hierarchy="2">Debt</entry><entry colname="col3">858,606</entry><entry colname="col4">968,842</entry></row><row><entry colname="col1">2207</entry><entry colname="col2" stub-hierarchy="2">Deposit funds and other borrowing</entry><entry colname="col3">8,268</entry><entry colname="col4">5,748</entry></row><row><entry colname="col1">2207</entry><entry colname="col2" stub-hierarchy="2">Other</entry><entry colname="col3" rowsep="1">4,649</entry><entry colname="col4" rowsep="1">8,796</entry></row><row><entry colname="col1">2999</entry><entry colname="col2" stub-hierarchy="2">Total liabilities</entry><entry colname="col3">873,709</entry><entry colname="col4">985,523</entry></row><row><entry colname="col1"/><entry colname="col2" stub-hierarchy="0">NET POSITION:</entry></row><row><entry colname="col1">3100</entry><entry colname="col2" stub-hierarchy="1">Invested capital</entry><entry colname="col3" rowsep="1">46,217</entry><entry colname="col4" rowsep="1">50,841</entry></row><row><entry colname="col1">4999</entry><entry colname="col2" stub-hierarchy="1">Total liabilities and net position</entry><entry colname="col3">919,926</entry><entry colname="col4">1,036,364</entry></row></tbody></tgroup></table></schedule></schedules></transmit></account></fund-group></fund-class></bureau></bureau-group></agency><agency id="_912" agency-code="912"><header>Farm Credit System                                                                                                                                                  </header><agency-intro-section/><bureau-group id="_00"><header>NO BUREAU GROUP                                                 </header><bureau id="_91200" bureau-code="00"><header>Farm Credit System                                                                                                                                                  </header><bureau-intro-section><subheader/><narrative><para indent-level="1" justification="flush">The Farm Credit System (System) is a Government-sponsored enterprise that provides privately financed credit to agricultural and rural communities. The major functional entities of the System are (1) the Agricultural Credit Bank (ACB); (2) the Farm Credit Banks (FCBs); and (3) the direct-lender associations. Farmer Mac, which is also an institution of the System, is discussed separately below. The history and specific functions of the bank entities are discussed after the presentation of financial schedules for each bank entity. As part of the System, these entities are regulated and examined by the Farm Credit Administration (FCA), an independent Federal agency. The administrative costs of FCA are financed by assessments on System institutions, including Farmer Mac. System banks finance loans primarily from sales of bonds to the public and their own capital funds. The System bonds issued by the banks are not guaranteed by the U.S. Government as to either principal or interest. The bonds are backed by an insurance fund, administered by the Farm Credit System Insurance Corporation (FCSIC), an independent Federal agency that collects insurance premiums from member banks to pay its administrative expenses and fund insurance reserves. All of the banks' current operating expenses are paid from their own income and do not require budgetary resources from the Federal Government.</para></narrative></bureau-intro-section><fund-class id="_912001"><header>Federal Funds</header><fund-group id="DUMMY"><header/><account id="_912004991" account-code="4991" treasury-code="39-4991" level-in-dtd="ACCOUNT                                                         " account-deleted="N"><acctgrpheader id="  ">                                                                                                                                                                    </acctgrpheader><header>Agricultural Credit Bank                                                                                                                                            </header><transmit id="_9120049910"><header>Enacted/requested                                               </header><narrative><para indent-level="1" justification="flush">CoBank, ACB, which is headquartered outside Denver, Colorado, serves eligible cooperatives nationwide and provides funding to Agricultural Credit Associations (ACAs) and Federal Land Credit Associations (FLCAs) in its chartered district. CoBank, ACB, is the only Agricultural Credit Bank (ACB) in the Farm Credit System. The ACB operates under statutory authority that combines the authorities of a Farm Credit Bank (FCB) and a Bank for Cooperatives (BC). In exercising its FCB authority, CoBank's charter limits its lending to 23 ACAs and one FLCA located in the northeast, central, and western regions of the country. As an entity lending to cooperatives, CoBank is chartered to provide credit and related services nationwide to eligible cooperatives primarily engaged in farm supply, grain, marketing, and processing (including sugar, dairy, and ethanol). CoBank also makes loans to rural utilities, including telecommunications companies, and it provides international loans for the financing of agricultural exports.</para><table tabletype="3674"><ttitle>Statement of Changes in Net Worth</ttitle><subheader>(in thousands of dollars)</subheader><tgroup cols="1"><thead><row><entry colname="col1"> </entry><entry colname="col2">2015 act.</entry><entry colname="col3">2016 act.</entry><entry colname="col4">2017 est.</entry><entry colname="col5">2018 est.</entry></row></thead><tbody><row><entry colname="col1"/></row><row><entry colname="col1" stub-hierarchy="1" entry-modify="force-ldr">Beginning balance of net worth</entry><entry colname="col2">7,061,398</entry><entry colname="col3">7,800,245</entry><entry colname="col4">8,653,830</entry><entry colname="col5">8,946,279</entry></row><row><entry colname="col1" stub-hierarchy="2" entry-modify="force-ldr">Capital stock and participations issued</entry><entry colname="col2" rowsep="1">335,770</entry><entry colname="col3" rowsep="1">440,611</entry><entry colname="col4" rowsep="1">84,856</entry><entry colname="col5" rowsep="1">111,056</entry></row><row><entry colname="col1" stub-hierarchy="2" entry-modify="force-ldr">Capital stock and participations retired</entry><entry colname="col2">169,301</entry><entry colname="col3">29,108</entry><entry colname="col4">28,000</entry><entry colname="col5">35,700</entry></row><row><entry colname="col1" stub-hierarchy="2" entry-modify="force-ldr">Net income</entry><entry colname="col2">915,751</entry><entry colname="col3">954,624</entry><entry colname="col4">906,727</entry><entry colname="col5">875,234</entry></row><row><entry colname="col1" stub-hierarchy="2" entry-modify="force-ldr">Cash/Dividends/Patronage Distributions</entry><entry colname="col2">-456,814</entry><entry colname="col3">-533,998</entry><entry colname="col4">-569,456</entry><entry colname="col5">-586,811</entry></row><row><entry colname="col1" stub-hierarchy="2" entry-modify="force-ldr">Other, net</entry><entry colname="col2" rowsep="1">113,441</entry><entry colname="col3" rowsep="1">21,456</entry><entry colname="col4" rowsep="1">-101,678</entry><entry colname="col5" rowsep="1">2,037</entry></row><row><entry colname="col1" stub-hierarchy="1" entry-modify="force-ldr">Ending balance of net worth</entry><entry colname="col2">7,800,245</entry><entry colname="col3">8,653,830</entry><entry colname="col4">8,946,279</entry><entry colname="col5">9,312,095</entry></row><row><entry colname="col1"/></row></tbody></tgroup></table><table tabletype="3674"><ttitle>Financing Activities</ttitle><subheader>(in thousands of dollars)</subheader><tgroup cols="1"><thead><row><entry colname="col1"> </entry><entry colname="col2">2015 act.</entry><entry colname="col3">2016 act.</entry><entry colname="col4">2017 est.</entry><entry colname="col5">2018 est.</entry></row></thead><tbody><row><entry colname="col1"/></row><row><entry colname="col1" stub-hierarchy="1" entry-modify="force-ldr">Beginning balance of outstanding system obligations</entry><entry colname="col2">88,513,292</entry><entry colname="col3">97,279,304</entry><entry colname="col4">107,407,980</entry><entry colname="col5">111,023,434</entry></row><row><entry colname="col1" stub-hierarchy="1"/><entry colname="col2" rowsep="1"/><entry colname="col3" rowsep="1"/><entry colname="col4" rowsep="1"/><entry colname="col5" rowsep="1"/></row><row><entry colname="col1" stub-hierarchy="2" entry-modify="force-ldr">Consolidated systemwide and other bank bonds issued</entry><entry colname="col2">41,260,664</entry><entry colname="col3">46,805,926</entry><entry colname="col4">48,570,189</entry><entry colname="col5">50,400,953</entry></row><row><entry colname="col1" stub-hierarchy="2" entry-modify="force-ldr">Consolidated systemwide and other bank bonds retired</entry><entry colname="col2">31,383,539</entry><entry colname="col3">37,078,905</entry><entry colname="col4">45,421,952</entry><entry colname="col5">46,146,494</entry></row><row><entry colname="col1" stub-hierarchy="2" entry-modify="force-ldr">Consolidated systemwide notes, net</entry><entry colname="col2">-1,043,732</entry><entry colname="col3">456,912</entry><entry colname="col4">500,000</entry><entry colname="col5">500,000</entry></row><row><entry colname="col1" stub-hierarchy="2" entry-modify="force-ldr">Other (Net)</entry><entry colname="col2" rowsep="1">-67,381</entry><entry colname="col3" rowsep="1">-55,257</entry><entry colname="col4" rowsep="1">-32,783</entry><entry colname="col5" rowsep="1">-22,025</entry></row><row><entry colname="col1" stub-hierarchy="1" entry-modify="force-ldr">Ending balance of outstanding system obligations</entry><entry colname="col2">97,279,304</entry><entry colname="col3">107,407,980</entry><entry colname="col4">111,023,434</entry><entry colname="col5">115,755,868</entry></row><row><entry colname="col1"/></row></tbody></tgroup></table></narrative><schedules><schedule id="_912004991004" schedule-code="VGOV04394991"><table line-rules="no-gen" tabletype="3643"><ttitle>Status of Direct Loans</ttitle><subheader>(in millions of dollars)</subheader><tgroup cols="5"><thead><row><entry namest="col1" nameend="col2">Identification code 912-4991-0-4-351</entry><entry colname="col3">2016 actual</entry><entry colname="col4">2017 est.</entry><entry colname="col5">2018 est.</entry></row></thead><tbody><row><entry colname="col1"/><entry colname="col2" stub-hierarchy="0">Cumulative balance of direct loans outstanding:</entry></row><row><entry colname="col1">1210</entry><entry colname="col2" stub-hierarchy="1">Outstanding, start of year</entry><entry colname="col3">84,524</entry><entry colname="col4">90,417</entry><entry colname="col5">94,608</entry></row><row><entry colname="col1">1231</entry><entry colname="col2" stub-hierarchy="1">Disbursements: Direct loan disbursements</entry><entry colname="col3">313,649</entry><entry colname="col4">325,471</entry><entry colname="col5">337,739</entry></row><row><entry colname="col1">1251</entry><entry colname="col2" stub-hierarchy="1">Repayments: Repayments and prepayments</entry><entry colname="col3">-307,755</entry><entry colname="col4">-321,234</entry><entry colname="col5">-334,123</entry></row><row><entry colname="col1">1263</entry><entry colname="col2" stub-hierarchy="1">Write-offs for default: Direct loans</entry><entry colname="col3" rowsep="1">-1</entry><entry colname="col4" rowsep="1">-46</entry><entry colname="col5" rowsep="1">-50</entry></row><row><entry colname="col1">1290</entry><entry colname="col2" stub-hierarchy="2">Outstanding, end of year</entry><entry colname="col3">90,417</entry><entry colname="col4">94,608</entry><entry colname="col5">98,174</entry></row></tbody></tgroup></table></schedule><schedule id="_912004991007" schedule-code="VGOV07394991"><table line-rules="no-gen" tabletype="3633"><ttitle>Balance Sheet</ttitle><subheader>(in millions of dollars)</subheader><tgroup cols="4"><thead><row><entry namest="col1" nameend="col2">Identification code 912-4991-0-4-351</entry><entry colname="col3">2015 actual</entry><entry colname="col4">2016 actual</entry></row></thead><tbody><row><entry colname="col1"/><entry colname="col2" stub-hierarchy="0">ASSETS:</entry></row><row><entry colname="col1"/><entry colname="col2" stub-hierarchy="1">Non-Federal assets:</entry></row><row><entry colname="col1">1201</entry><entry colname="col2" stub-hierarchy="2">Cash and investment securities</entry><entry colname="col3">25,081</entry><entry colname="col4">29,492</entry></row><row><entry colname="col1">1206</entry><entry colname="col2" stub-hierarchy="2">Accrued interest receivable on loans</entry><entry colname="col3">315</entry><entry colname="col4">321</entry></row><row><entry colname="col1"/><entry colname="col2" stub-hierarchy="1">Net value of assets related to direct loans receivable and acquired defaulted guaranteed loans receivable:</entry></row><row><entry colname="col1">1601</entry><entry colname="col2" stub-hierarchy="2">Direct loans, gross</entry><entry colname="col3">84,524</entry><entry colname="col4">90,416</entry></row><row><entry colname="col1">1603</entry><entry colname="col2" stub-hierarchy="2">Allowance for estimated uncollectible loans and interest (-)</entry><entry colname="col3" rowsep="1">-460</entry><entry colname="col4" rowsep="1">-519</entry></row><row><entry colname="col1">1699</entry><entry colname="col2" stub-hierarchy="3">Value of assets related to direct loans</entry><entry colname="col3">84,064</entry><entry colname="col4">89,897</entry></row><row><entry colname="col1">1803</entry><entry colname="col2" stub-hierarchy="1">Other Federal assets: Property, plant and equipment, net</entry><entry colname="col3" rowsep="1">1,025</entry><entry colname="col4" rowsep="1">1,039</entry></row><row><entry colname="col1">1999</entry><entry colname="col2" stub-hierarchy="2">Total assets</entry><entry colname="col3">110,485</entry><entry colname="col4">120,749</entry></row><row><entry colname="col1"/><entry colname="col2" stub-hierarchy="0">LIABILITIES:</entry></row><row><entry colname="col1">2104</entry><entry colname="col2" stub-hierarchy="1">Federal liabilities: Resources payable to Treasury</entry><entry colname="col3">1,484</entry><entry colname="col4">1,498</entry></row><row><entry colname="col1"/><entry colname="col2" stub-hierarchy="1">Non-Federal liabilities:</entry></row><row><entry colname="col1">2201</entry><entry colname="col2" stub-hierarchy="2">Consolidated systemwide and other bank bonds</entry><entry colname="col3">97,279</entry><entry colname="col4">107,408</entry></row><row><entry colname="col1">2201</entry><entry colname="col2" stub-hierarchy="2">Notes payable and other interest-bearing liabilities</entry><entry colname="col3">3,636</entry><entry colname="col4">2,916</entry></row><row><entry colname="col1">2202</entry><entry colname="col2" stub-hierarchy="2">Accrued interest payable</entry><entry colname="col3" rowsep="1">286</entry><entry colname="col4" rowsep="1">273</entry></row><row><entry colname="col1">2999</entry><entry colname="col2" stub-hierarchy="2">Total liabilities</entry><entry colname="col3">102,685</entry><entry colname="col4">112,095</entry></row><row><entry colname="col1"/><entry colname="col2" stub-hierarchy="0">NET POSITION:</entry></row><row><entry colname="col1">3300</entry><entry colname="col2" stub-hierarchy="1">Cumulative results of operations</entry><entry colname="col3" rowsep="1">7,800</entry><entry colname="col4" rowsep="1">8,654</entry></row><row><entry colname="col1">4999</entry><entry colname="col2" stub-hierarchy="1">Total liabilities and net position</entry><entry colname="col3">110,485</entry><entry colname="col4">120,749</entry></row></tbody></tgroup></table></schedule></schedules></transmit></account><account id="_912004992" account-code="4992" treasury-code="39-4992" level-in-dtd="ACCOUNT                                                         " account-deleted="N"><acctgrpheader id="  ">                                                                                                                                                                    </acctgrpheader><header>Farm Credit Banks                                                                                                                                                   </header><transmit id="_9120049920"><header>Enacted/requested                                               </header><narrative><para indent-level="1" justification="flush">The Agricultural Credit Act of 1987 (1987 Act) required the Federal Land Banks (FLBs) and Federal Intermediate Credit Banks (FICBs) to merge into a Farm Credit Bank (FCB) in each of the 12 Farm Credit districts. FCBs operate under statutory authority that combines the prior authorities of an FLB and of an FICB. No merger occurred in the Jackson district in 1988 because the FLB of Jackson was in receivership. Pursuant to section 410(e) of the 1987 Act, as amended by the Farm Credit Banks Safety and Soundness Act of 1992, FICB of Jackson merged with FCB of Columbia on October 1, 1993. Mergers and consolidations of FCBs across district lines, which began in 1992, have continued to date. As a result of this restructuring activity, three FCBs, headquartered in the following cities, remain as of October 1, 2016: AgFirst Farm Credit Bank, Columbia, South Carolina; AgriBank, FCB, St. Paul, Minnesota; and FCB of Texas, Austin, Texas.</para><para indent-level="1" justification="flush">FCBs serve as discount banks and, as of October 1, 2016, provided funds to one Federal Land Credit Association (FLCA) and 49 Agricultural Credit Associations (ACAs). These direct-lender associations, in turn, primarily make short- and intermediate-term production loans and long-term real estate loans to eligible farmers and ranchers, farm-related businesses, and rural homeowners. FCBs can also lend to other financing institutions, including commercial banks, as authorized by the Farm Credit Act of 1971, as amended.</para><para indent-level="1" justification="flush">All the capital stock of FICBs, from their organization in 1923 to December 31, 1956, was held by the U.S. Government. The Farm Credit Act of 1956 provided a long-range plan for the eventual ownership of the FICBs by the production credit associations and the gradual retirement of the Government's investment in the banks. This retirement was accomplished in full on December 31, 1968. The last of the Government capital that had been invested in FLBs was repaid in 1947.</para><table tabletype="3674"><ttitle>Statement of Changes in Net Worth</ttitle><subheader>(in thousands of dollars)</subheader><tgroup cols="5"><thead><row><entry colname="col1" colspan="5"> </entry></row><row><entry colname="col1"> </entry><entry colname="col2">2015 act.</entry><entry colname="col3">2016 act.</entry><entry colname="col4">2017 est.</entry><entry colname="col5">2018 est.</entry></row><row><entry colname="col1" colspan="5"> </entry></row></thead><tbody><row><entry colname="col1" stub-hierarchy="1" entry-modify="force-ldr">Beginning balance of net worth</entry><entry colname="col2">8,828,842</entry><entry colname="col3">9,149,023</entry><entry colname="col4">9,480,347</entry><entry colname="col5">9,937,294</entry></row><row><entry colname="col1" stub-hierarchy="2" entry-modify="force-ldr">Capital stock and participations issued</entry><entry colname="col2" rowsep="1">185,976</entry><entry colname="col3" rowsep="1">226,361</entry><entry colname="col4" rowsep="1">175,970</entry><entry colname="col5" rowsep="1">175,040</entry></row><row><entry colname="col1" stub-hierarchy="2" entry-modify="force-ldr">Capital stock and participations retired</entry><entry colname="col2">85,259</entry><entry colname="col3">113,897</entry><entry colname="col4">10,182</entry><entry colname="col5">9,021</entry></row><row><entry colname="col1" stub-hierarchy="2" entry-modify="force-ldr">Surplus Retired</entry><entry colname="col2">-2,162</entry><entry colname="col3">-4,633</entry><entry colname="col4">0</entry><entry colname="col5">0</entry></row><row><entry colname="col1" stub-hierarchy="2" entry-modify="force-ldr">Net income</entry><entry colname="col2">1,049,060</entry><entry colname="col3">1,026,457</entry><entry colname="col4">958,943</entry><entry colname="col5">962,909</entry></row><row><entry colname="col1" stub-hierarchy="2" entry-modify="force-ldr">Cash/Dividends/Patronage Distributions</entry><entry colname="col2">-778,566</entry><entry colname="col3">-695,451</entry><entry colname="col4">-641,805</entry><entry colname="col5">-637,413</entry></row><row><entry colname="col1" stub-hierarchy="2" entry-modify="force-ldr">Other, net</entry><entry colname="col2" rowsep="1">-53,192</entry><entry colname="col3" rowsep="1">-116,779</entry><entry colname="col4" rowsep="1">-25,979</entry><entry colname="col5" rowsep="1">-193,255</entry></row><row><entry colname="col1" stub-hierarchy="1" entry-modify="force-ldr">Ending balance of net worth</entry><entry colname="col2">9,149,023</entry><entry colname="col3">9,480,347</entry><entry colname="col4">9,937,294</entry><entry colname="col5">10,235,554</entry></row><row><entry colname="col1"/></row></tbody></tgroup></table><table tabletype="3674"><ttitle>Financing Activities</ttitle><subheader>(in thousands of dollars)</subheader><tgroup cols="5"><thead><row><entry colname="col1" colspan="5"> </entry></row><row><entry colname="col1"> </entry><entry colname="col2">2015 act.</entry><entry colname="col3">2016 act.</entry><entry colname="col4">2017 est.</entry><entry colname="col5">2018 est.</entry></row><row><entry colname="col1" colspan="5"> </entry></row></thead><tbody><row><entry colname="col1" stub-hierarchy="1" entry-modify="force-ldr">Beginning balance of outstanding system obligations</entry><entry colname="col2">125,494,765</entry><entry colname="col3">133,822,885</entry><entry colname="col4">144,502,285</entry><entry colname="col5">150,343,507</entry></row><row><entry colname="col1" stub-hierarchy="1"/><entry colname="col2" rowsep="1"/><entry colname="col3" rowsep="1"/><entry colname="col4" rowsep="1"/><entry colname="col5" rowsep="1"/></row><row><entry colname="col1" stub-hierarchy="2" entry-modify="force-ldr">Consolidated systemwide and other bank bonds issued</entry><entry colname="col2">222,845,285</entry><entry colname="col3">242,160,591</entry><entry colname="col4">230,529,306</entry><entry colname="col5">235,080,328</entry></row><row><entry colname="col1" stub-hierarchy="2" entry-modify="force-ldr">Consolidated systemwide and other bank bonds retired</entry><entry colname="col2">215,967,375</entry><entry colname="col3">236,530,182</entry><entry colname="col4">230,242,814</entry><entry colname="col5">234,636,684</entry></row><row><entry colname="col1" stub-hierarchy="2" entry-modify="force-ldr">Consolidated systemwide notes, net</entry><entry colname="col2">1,450,210</entry><entry colname="col3">5,068,965</entry><entry colname="col4">5,554,730</entry><entry colname="col5">5,774,537</entry></row><row><entry colname="col1" stub-hierarchy="2" entry-modify="force-ldr">Other (Net)</entry><entry colname="col2" rowsep="1">0</entry><entry colname="col3" rowsep="1">-19,974</entry><entry colname="col4" rowsep="1">0</entry><entry colname="col5" rowsep="1">0</entry></row><row><entry colname="col1" stub-hierarchy="1" entry-modify="force-ldr">Ending balance of outstanding system obligations</entry><entry colname="col2">133,822,885</entry><entry colname="col3">144,502,285</entry><entry colname="col4">150,343,507</entry><entry colname="col5">156,561,688</entry></row><row><entry colname="col1"/></row></tbody></tgroup></table></narrative><schedules><schedule id="_912004992004" schedule-code="VGOV04394992"><table line-rules="no-gen" tabletype="3643"><ttitle>Status of Direct Loans</ttitle><subheader>(in millions of dollars)</subheader><tgroup cols="5"><thead><row><entry namest="col1" nameend="col2">Identification code 912-4992-0-4-371</entry><entry colname="col3">2016 actual</entry><entry colname="col4">2017 est.</entry><entry colname="col5">2018 est.</entry></row></thead><tbody><row><entry colname="col1"/><entry colname="col2" stub-hierarchy="0">Cumulative balance of direct loans outstanding:</entry></row><row><entry colname="col1">1210</entry><entry colname="col2" stub-hierarchy="1">Outstanding, start of year</entry><entry colname="col3">115,851</entry><entry colname="col4">123,454</entry><entry colname="col5">130,647</entry></row><row><entry colname="col1">1231</entry><entry colname="col2" stub-hierarchy="1">Disbursements: Direct loan disbursements</entry><entry colname="col3">207,734</entry><entry colname="col4">219,359</entry><entry colname="col5">230,638</entry></row><row><entry colname="col1">1251</entry><entry colname="col2" stub-hierarchy="1">Repayments: Repayments and prepayments</entry><entry colname="col3">-200,135</entry><entry colname="col4">-212,148</entry><entry colname="col5">-224,651</entry></row><row><entry colname="col1"/><entry colname="col2" stub-hierarchy="1">Write-offs for default:</entry></row><row><entry colname="col1">1263</entry><entry colname="col2" stub-hierarchy="2">Direct loans</entry><entry colname="col3" entry-modify="force-ldr"/><entry colname="col4">-18</entry><entry colname="col5">-18</entry></row><row><entry colname="col1">1264</entry><entry colname="col2" stub-hierarchy="2">Other adjustments, net (+ or -)</entry><entry colname="col3" rowsep="1">4</entry><entry colname="col4" entry-modify="force-ldr" rowsep="1"/><entry colname="col5" entry-modify="force-ldr" rowsep="1"/></row><row><entry colname="col1">1290</entry><entry colname="col2" stub-hierarchy="2">Outstanding, end of year</entry><entry colname="col3">123,454</entry><entry colname="col4">130,647</entry><entry colname="col5">136,616</entry></row></tbody></tgroup></table></schedule><schedule id="_912004992007" schedule-code="VGOV07394992"><table line-rules="no-gen" tabletype="3633"><ttitle>Balance Sheet</ttitle><subheader>(in millions of dollars)</subheader><tgroup cols="4"><thead><row><entry namest="col1" nameend="col2">Identification code 912-4992-0-4-371</entry><entry colname="col3">2015 actual</entry><entry colname="col4">2016 actual</entry></row></thead><tbody><row><entry colname="col1"/><entry colname="col2" stub-hierarchy="0">ASSETS:</entry></row><row><entry colname="col1"/><entry colname="col2" stub-hierarchy="1">Non-Federal assets:</entry></row><row><entry colname="col1">1201</entry><entry colname="col2" stub-hierarchy="2">Cash and investment securities</entry><entry colname="col3">28,678</entry><entry colname="col4">31,403</entry></row><row><entry colname="col1">1206</entry><entry colname="col2" stub-hierarchy="2">Accrued Interest Receivable</entry><entry colname="col3">502</entry><entry colname="col4">554</entry></row><row><entry colname="col1"/><entry colname="col2" stub-hierarchy="1">Net value of assets related to direct loans receivable and acquired defaulted guaranteed loans receivable:</entry></row><row><entry colname="col1">1601</entry><entry colname="col2" stub-hierarchy="2">Direct loans, gross</entry><entry colname="col3">115,850</entry><entry colname="col4">123,453</entry></row><row><entry colname="col1">1603</entry><entry colname="col2" stub-hierarchy="2">Allowance for estimated uncollectible loans and interest (-)</entry><entry colname="col3" rowsep="1">-37</entry><entry colname="col4" rowsep="1">-45</entry></row><row><entry colname="col1">1699</entry><entry colname="col2" stub-hierarchy="3">Value of assets related to direct loans</entry><entry colname="col3">115,813</entry><entry colname="col4">123,408</entry></row><row><entry colname="col1">1803</entry><entry colname="col2" stub-hierarchy="1">Other Federal assets: Property, plant and equipment, net</entry><entry colname="col3" rowsep="1">560</entry><entry colname="col4" rowsep="1">629</entry></row><row><entry colname="col1">1999</entry><entry colname="col2" stub-hierarchy="2">Total assets</entry><entry colname="col3">145,553</entry><entry colname="col4">155,994</entry></row><row><entry colname="col1"/><entry colname="col2" stub-hierarchy="0">LIABILITIES:</entry></row><row><entry colname="col1">2104</entry><entry colname="col2" stub-hierarchy="1">Federal liabilities: Resources payable to Treasury</entry><entry colname="col3">394</entry><entry colname="col4">506</entry></row><row><entry colname="col1"/><entry colname="col2" stub-hierarchy="1">Non-Federal liabilities:</entry></row><row><entry colname="col1">2201</entry><entry colname="col2" stub-hierarchy="2">Consolidated systemwide and other bank bonds</entry><entry colname="col3">133,822</entry><entry colname="col4">144,502</entry></row><row><entry colname="col1">2201</entry><entry colname="col2" stub-hierarchy="2">Notes payable and other interest-bearing liabilities</entry><entry colname="col3">1,849</entry><entry colname="col4">1,166</entry></row><row><entry colname="col1">2202</entry><entry colname="col2" stub-hierarchy="2">Accrued interest payable</entry><entry colname="col3" rowsep="1">339</entry><entry colname="col4" rowsep="1">340</entry></row><row><entry colname="col1">2999</entry><entry colname="col2" stub-hierarchy="2">Total liabilities</entry><entry colname="col3">136,404</entry><entry colname="col4">146,514</entry></row><row><entry colname="col1"/><entry colname="col2" stub-hierarchy="0">NET POSITION:</entry></row><row><entry colname="col1">3300</entry><entry colname="col2" stub-hierarchy="1">Cumulative results of operations</entry><entry colname="col3" rowsep="1">9,149</entry><entry colname="col4" rowsep="1">9,480</entry></row><row><entry colname="col1">4999</entry><entry colname="col2" stub-hierarchy="1">Total liabilities and net position</entry><entry colname="col3">145,553</entry><entry colname="col4">155,994</entry></row></tbody></tgroup></table></schedule></schedules></transmit></account><account id="_912004993" account-code="4993" treasury-code="39-4993" level-in-dtd="ACCOUNT                                                         " account-deleted="N"><acctgrpheader id="  ">                                                                                                                                                                    </acctgrpheader><header>Federal Agricultural Mortgage Corporation                                                                                                                           </header><transmit id="_9120049930"><header>Enacted/requested                                               </header><narrative><header>Farmer Mac</header><para indent-level="1" justification="flush">Farmer Mac is authorized under the Farm Credit Act of 1971, as amended by the Agricultural Credit Act of 1987 (Act), to create a secondary market for agricultural real estate and rural home mortgages. The Farmer Mac title of the Act was amended by the 1990 farm bill to authorize Farmer Mac to purchase, pool, and securitize the guaranteed portions of farmer program, rural business, and community development loans guaranteed by the U.S. Department of Agriculture (USDA). The Farmer Mac title was amended in 1991 to clarify Farmer Mac's authority to issue debt obligations, provide for the establishment of minimum capital standards, establish the Office of Secondary Market Oversight at the Farm Credit Administration (FCA), and expand the Agency's rulemaking authority. The Farm Credit System Reform Act of 1996 (1996 Act) amended the Farmer Mac title to allow Farmer Mac to purchase loans directly from lenders and to issue and guarantee mortgage-backed securities without requiring that a minimum cash reserve or subordinated (first loss) interest be maintained by poolers as had been required under its original authority. The 1996 Act expanded FCA's regulatory authority to include provisions for establishing a conservatorship or receivership, if necessary, and provided for increased core capital requirements at Farmer Mac phased in over three years. Most recently, the 2008 Farm Bill, the Food, Conservation and Energy Act of 2008 amended the Farmer Mac title to authorize the financing of rural electric and telephone cooperatives.</para><para indent-level="1" justification="flush">Farmer Mac operates through several programs: the "Farm &amp; Ranch" program involves mortgage loans secured by first liens on agricultural real estate, or rural housing (qualified loans); the "USDA guarantees" program involves the guaranteed portions of certain USDA-guaranteed loans; and the "Rural Utilities" program involves rural electric and telecommunications loans. Farmer Mac operates by (1) purchasing, or committing to purchase, newly originated or existing qualified loans or guaranteed portions from lenders; (2) purchasing or guaranteeing "AgVantage'' bonds backed by qualified loans; and (3) exchanging qualified loans or guaranteed portions for guaranteed securities. Loans purchased by Farmer Mac may be aggregated into pools that back Farmer Mac guaranteed securities, which are held by Farmer Mac or sold into the capital markets.</para><para indent-level="1" justification="flush">Farmer Mac is governed by a 15-member Board of Directors. Ten board members are elected by stockholders, including five by stockholders that are Farm Credit System (FCS) institutions and five by stockholders that are non-FCS financial services firms. Five are appointed by the President, subject to Senate confirmation.</para><header>Financing</header><para indent-level="1" justification="flush">Financial support and funding for Farmer Mac's operations come from several sources: sale of common and preferred stock, issuance of debt obligations, and income. Under procedures specified in the Act, Farmer Mac may issue obligations to the U.S. Treasury in a cumulative amount not to exceed $1.5 billion to fulfill Farmer Mac's guarantee obligations.</para><para indent-level="1" justification="flush">As of September 30, 2016, Farmer Mac's core capital exceeded statutory requirements. Additionally, Farmer Mac's regulatory capital (core capital plus the allowance for loan losses) exceeded the amount of required regulatory capital as determined by the risk-based capital rule.</para><header>Guarantees</header><para indent-level="1" justification="flush">Farmer Mac provides a guarantee of timely payment of principal and interest on securities backed by qualified loans or pools of qualified loans. These securities are not guaranteed by the United States and are not "Government securities."</para><para indent-level="1" justification="flush">Farmer Mac is subject to reporting requirements under securities laws, and its guaranteed mortgage-backed securities are subject to registration with the Securities and Exchange Commission under the 1933 and 1934 Securities Acts.</para><header>Regulation</header><para indent-level="1" justification="flush">Farmer Mac is federally regulated by FCA, acting through its Office of Secondary Market Oversight (OSMO). FCA is responsible for the supervision of, examination of, and rulemaking for Farmer Mac.</para></narrative><schedules><schedule id="_912004993005" schedule-code="VGOV05394993"><table line-rules="no-gen" tabletype="3643"><ttitle>Status of Guaranteed Loans</ttitle><subheader>(in millions of dollars)</subheader><tgroup cols="5"><thead><row><entry namest="col1" nameend="col2">Identification code 912-4993-0-4-351</entry><entry colname="col3">2016 actual</entry><entry colname="col4">2017 est.</entry><entry colname="col5">2018 est.</entry></row></thead><tbody><row><entry colname="col1"/><entry colname="col2" stub-hierarchy="0">Cumulative balance of guaranteed loans outstanding:</entry></row><row><entry colname="col1">2210</entry><entry colname="col2" stub-hierarchy="1">Outstanding, start of year</entry><entry colname="col3">15,628</entry><entry colname="col4">17,248</entry><entry colname="col5">17,248</entry></row><row><entry colname="col1">2231</entry><entry colname="col2" stub-hierarchy="1">Disbursements of new guaranteed loans</entry><entry colname="col3">4,233</entry><entry colname="col4" entry-modify="force-ldr"/><entry colname="col5" entry-modify="force-ldr"/></row><row><entry colname="col1">2251</entry><entry colname="col2" stub-hierarchy="1">Repayments and prepayments</entry><entry colname="col3" rowsep="1">-2,613</entry><entry colname="col4" entry-modify="force-ldr" rowsep="1"/><entry colname="col5" entry-modify="force-ldr" rowsep="1"/></row><row><entry colname="col1">2290</entry><entry colname="col2" stub-hierarchy="2">Outstanding, end of year</entry><entry colname="col3">17,248</entry><entry colname="col4">17,248</entry><entry colname="col5">17,248</entry></row><row><entry colname="col1" rowsep="1" rowsep-modify="bold"/><entry colname="col2" stub-hierarchy="0">Memorandum:</entry></row><row><entry colname="col1">2299</entry><entry colname="col2" stub-hierarchy="1">Guaranteed amount of guaranteed loans outstanding, end of year</entry><entry colname="col3">2,021</entry><entry colname="col4" entry-modify="force-ldr"/><entry colname="col5" entry-modify="force-ldr"/></row></tbody></tgroup></table></schedule><schedule id="_912004993007" schedule-code="VGOV07394993"><table line-rules="no-gen" tabletype="3633"><ttitle>Balance Sheet</ttitle><subheader>(in millions of dollars)</subheader><tgroup cols="4"><thead><row><entry namest="col1" nameend="col2">Identification code 912-4993-0-4-351</entry><entry colname="col3">2015 actual</entry><entry colname="col4">2016 actual</entry></row></thead><tbody><row><entry colname="col1"/><entry colname="col2" stub-hierarchy="0">ASSETS:</entry></row><row><entry colname="col1"/><entry colname="col2" stub-hierarchy="1">Non-Federal assets:</entry></row><row><entry colname="col1">1201</entry><entry colname="col2" stub-hierarchy="2">Investment in securities</entry><entry colname="col3">2,032</entry><entry colname="col4">3,001</entry></row><row><entry colname="col1">1206</entry><entry colname="col2" stub-hierarchy="2">Receivables, net</entry><entry colname="col3">151</entry><entry colname="col4">165</entry></row><row><entry colname="col1"/><entry colname="col2" stub-hierarchy="1">Net value of assets related to direct loans receivable:</entry></row><row><entry colname="col1">1401</entry><entry colname="col2" stub-hierarchy="2">Direct loans receivable, gross</entry><entry colname="col3">11,080</entry><entry colname="col4">12,434</entry></row><row><entry colname="col1">1402</entry><entry colname="col2" stub-hierarchy="2">Interest receivable</entry><entry colname="col3" rowsep="1">74</entry><entry colname="col4" rowsep="1">87</entry></row><row><entry colname="col1">1499</entry><entry colname="col2" stub-hierarchy="3">Net present value of assets related to direct loans</entry><entry colname="col3">11,154</entry><entry colname="col4">12,521</entry></row><row><entry colname="col1">1801</entry><entry colname="col2" stub-hierarchy="1">Other Federal assets: Cash and other monetary assets</entry><entry colname="col3" rowsep="1">1,517</entry><entry colname="col4" rowsep="1">314</entry></row><row><entry colname="col1">1999</entry><entry colname="col2" stub-hierarchy="2">Total assets</entry><entry colname="col3">14,854</entry><entry colname="col4">16,001</entry></row><row><entry colname="col1"/><entry colname="col2" stub-hierarchy="0">LIABILITIES:</entry></row><row><entry colname="col1"/><entry colname="col2" stub-hierarchy="1">Non-Federal liabilities:</entry></row><row><entry colname="col1">2201</entry><entry colname="col2" stub-hierarchy="2">Accounts payable</entry><entry colname="col3">121</entry><entry colname="col4">159</entry></row><row><entry colname="col1">2202</entry><entry colname="col2" stub-hierarchy="2">Interest payable</entry><entry colname="col3">38</entry><entry colname="col4">40</entry></row><row><entry colname="col1">2203</entry><entry colname="col2" stub-hierarchy="2">Debt</entry><entry colname="col3">14,110</entry><entry colname="col4">15,161</entry></row><row><entry colname="col1">2204</entry><entry colname="col2" stub-hierarchy="2">Liabilities for loan guarantees</entry><entry colname="col3" rowsep="1">44</entry><entry colname="col4" rowsep="1">40</entry></row><row><entry colname="col1">2999</entry><entry colname="col2" stub-hierarchy="2">Total liabilities</entry><entry colname="col3">14,313</entry><entry colname="col4">15,400</entry></row><row><entry colname="col1"/><entry colname="col2" stub-hierarchy="0">NET POSITION:</entry></row><row><entry colname="col1">3300</entry><entry colname="col2" stub-hierarchy="1">Invested capital</entry><entry colname="col3" rowsep="1">541</entry><entry colname="col4" rowsep="1">601</entry></row><row><entry colname="col1">4999</entry><entry colname="col2" stub-hierarchy="1">Total liabilities and net position</entry><entry colname="col3">14,854</entry><entry colname="col4">16,001</entry></row></tbody></tgroup></table></schedule></schedules></transmit></account></fund-group></fund-class><fund-class id="_912009"><header>No Fund Title</header><fund-group id="DUMMY"><header/><account id="_91200WWWWW" account-code="WWWW" treasury-code="" level-in-dtd="BUREAU INTRO                                                    " account-deleted="N"><acctgrpheader id="  ">                                                                                                                                                                    </acctgrpheader><header>Bureau Intro                                                                                                                                                        </header><transmit id="_91200WWWWW0"><header>Enacted/requested                                               </header></transmit></account></fund-group></fund-class></bureau></bureau-group></agency></appendix-chapter>