<?xml version="1.0" encoding="iso-8859-1"?>
<!DOCTYPE appendix-chapter
  SYSTEM "appendix_chapter.dtd">
<appendix-chapter id="_RBAA" fiscal-year="2018" fiscal-year-datatype="number"><header>AMENDMENTS TO AND REVISIONS IN BUDGET AUTHORITY FOR 2017                                                                                                            </header><agency id="_996" agency-code="996"><header>Amendments to and Revisions in Budget Authority                                                                                                                     </header><agency-intro-section/><bureau-group id="_00"><header>NO BUREAU GROUP                                                 </header><bureau id="_99600" bureau-code="00"><header>Amendments to and Revisions in Budget Authority                                                                                                                     </header><fund-class id="_996009"><header>No Fund Title</header><fund-group id="DUMMY"><header/><account id="_99600PPPPP" account-code="PPPP" treasury-code="" level-in-dtd="ACCOUNT                                                         " account-deleted="N"><acctgrpheader id="  ">                                                                                                                                                                    </acctgrpheader><header>Amendments to and Revisions in Budget Authority                                                                                                                     </header><transmit id="_99600PPPPP0"><header>Enacted/requested                                               </header><narrative><header>STATEMENT ON CHANGES</header><subheader>(Between the Transmittal of the 2017 and 2018 Budgets)</subheader><para indent-level="1" justification="flush">A statement of all amendments to, or revisions in, budget authority requested between transmittal of the 2017 Budget and the 2018 Budget is presented below.  This statement is included in the Budget in accordance with the Congressional Budget Act of 1974 (31 U.S.C. 1105(d)).</para><para indent-level="1" justification="flush">The modifications to proposals for 2017 budget authority that were made through the course of the past year took the form of Presidential amendments to the budget transmitted on February 9, 2016, and other requests.</para><para indent-level="1" justification="flush">These modifications were printed in the documents of the House of Representatives that are identified on the following listing.</para><table tabletype="rba"><tgroup cols="3"><thead><row><entry colname="col1">Transmitted to the Congress on</entry><entry colname="col2">Agencies affected</entry><entry colname="col3">Printed as</entry></row></thead><tbody><row><entry colname="col1">April 5, 2016</entry><entry colname="col2" stub-hierarchy="1">Department of Agriculture</entry><entry colname="col3">H. Doc. No. 114-122</entry></row><row><entry colname="col1"/><entry colname="col2" stub-hierarchy="1">Department of Defense</entry><entry colname="col3"/></row><row><entry colname="col1"/><entry colname="col2" stub-hierarchy="1">Department of Education</entry><entry colname="col3"/></row><row><entry colname="col1"/><entry colname="col2" stub-hierarchy="1">Department of Energy</entry><entry colname="col3"/></row><row><entry colname="col1"/><entry colname="col2" stub-hierarchy="1">Department of Homeland Security</entry><entry colname="col3"/></row><row><entry colname="col1"/><entry colname="col2" stub-hierarchy="1">Department of State and Other International Programs</entry><entry colname="col3"/></row><row><entry colname="col1"/><entry colname="col2" stub-hierarchy="1">Department of Transportation</entry><entry colname="col3"/></row><row><entry colname="col1"/><entry colname="col2" stub-hierarchy="1">National Aeronautics and Space Administration</entry><entry colname="col3"/></row><row><entry colname="col1"/><entry colname="col2" stub-hierarchy="1">Federal Trade Commission</entry><entry colname="col3"/></row><row><entry colname="col1"/><entry colname="col2" stub-hierarchy="1">Public Defender Service for the District of Columbia</entry><entry colname="col3"/></row><row><entry colname="col1"/><entry colname="col2" stub-hierarchy="1">Surface Transportation Board</entry><entry colname="col3"/></row><row><entry colname="col1"/><entry colname="col2" stub-hierarchy="1">United States Holocaust Memorial Museum</entry><entry colname="col3"/></row><row><entry colname="col1"/><entry colname="col2" stub-hierarchy="1">Legislative Branch</entry><entry colname="col3"/></row><row><entry colname="col1"/><entry colname="col2" stub-hierarchy="1"/><entry colname="col3"/></row><row><entry colname="col1">September 29, 2016</entry><entry colname="col2" stub-hierarchy="1">Department of Defense</entry><entry colname="col3">H. Doc. No. 114-180</entry></row><row><entry colname="col1"/><entry colname="col2" stub-hierarchy="1">Department of Homeland Security</entry><entry colname="col3"/></row><row><entry colname="col1"/><entry colname="col2" stub-hierarchy="1">Department of State and Other International Programs</entry><entry colname="col3"/></row><row><entry colname="col1"/><entry colname="col2" stub-hierarchy="1">United States Agency for International Development</entry><entry colname="col3"/></row><row><entry colname="col1"/><entry colname="col2" stub-hierarchy="1">Broadcasting Board of Governors</entry><entry colname="col3"/></row><row><entry colname="col1"/><entry colname="col2" stub-hierarchy="1"/><entry colname="col3"/></row><row><entry colname="col1">September 29, 2016</entry><entry colname="col2" stub-hierarchy="1">Department of Commerce</entry><entry colname="col3">H. Doc. No. 114-181</entry></row><row><entry colname="col1"/><entry colname="col2" stub-hierarchy="1">Department of Health and Human Services</entry><entry colname="col3"/></row><row><entry colname="col1"/><entry colname="col2" stub-hierarchy="1">Department of Homeland Security</entry><entry colname="col3"/></row><row><entry colname="col1"/><entry colname="col2" stub-hierarchy="1">Department of Housing and Urban Development</entry><entry colname="col3"/></row><row><entry colname="col1"/><entry colname="col2" stub-hierarchy="1">Department of State and Other International Programs</entry><entry colname="col3"/></row><row><entry colname="col1"/><entry colname="col2" stub-hierarchy="1">Department of Transportation</entry><entry colname="col3"/></row><row><entry colname="col1"/><entry colname="col2" stub-hierarchy="1">United States Agency for International Development</entry><entry colname="col3"/></row><row><entry colname="col1"/><entry colname="col2" stub-hierarchy="1"/><entry colname="col3"/></row><row><entry colname="col1">November 10, 2016</entry><entry colname="col2" stub-hierarchy="1">Department of Defense</entry><entry colname="col3">H. Doc. No. 114-178</entry></row><row><entry colname="col1"/><entry colname="col2" stub-hierarchy="1">Department of State and Other International Programs</entry><entry colname="col3"/></row><row><entry colname="col1"/><entry colname="col2" stub-hierarchy="1">United States Agency for International Development</entry><entry colname="col3"/></row><row><entry colname="col1"/><entry colname="col2" stub-hierarchy="1"/><entry colname="col3"/></row><row><entry colname="col1">December 10, 2016</entry><entry colname="col2" stub-hierarchy="1">Department of Agriculture</entry><entry colname="col3">H. Doc. No. 114-187</entry></row><row><entry colname="col1"/><entry colname="col2" stub-hierarchy="1">Department of Housing and Urban Development</entry><entry colname="col3"/></row><row><entry colname="col1"/><entry colname="col2" stub-hierarchy="1">Department of Transportation</entry><entry colname="col3"/></row><row><entry colname="col1"/><entry colname="col2" stub-hierarchy="1">Corps of Engineers</entry><entry colname="col3"/></row><row><entry colname="col1"/><entry colname="col2" stub-hierarchy="1">National Aeronautics and Space Administration</entry><entry colname="col3"/></row><row><entry colname="col1"/><entry colname="col2" stub-hierarchy="1"/><entry colname="col3"/></row><row><entry colname="col1">December 10, 2016</entry><entry colname="col2" stub-hierarchy="1">Department of Defense</entry><entry colname="col3">H. Doc. No. 114-188</entry></row><row><entry colname="col1"/><entry colname="col2" stub-hierarchy="1">Department of State and Other International Programs</entry><entry colname="col3"/></row><row><entry colname="col1"/><entry colname="col2" stub-hierarchy="1">United States Agency for International Development</entry><entry colname="col3"/></row><row><entry colname="col1"/><entry colname="col2" stub-hierarchy="1"/><entry colname="col3"/></row><row><entry colname="col1">March 16, 2017</entry><entry colname="col2" stub-hierarchy="1">Department of Defense</entry><entry colname="col3">H. Doc. No. 115-19</entry></row><row><entry colname="col1"/><entry colname="col2" stub-hierarchy="1">Department of Homeland Security</entry><entry colname="col3"/></row><row><entry colname="col1"/><entry colname="col2" stub-hierarchy="1"/><entry colname="col3"/></row><row><entry colname="col1">May 4, 2017</entry><entry colname="col2" stub-hierarchy="1">Department of Defense</entry><entry colname="col3">H. Doc. No. 115-37</entry></row><row><entry colname="col1"/><entry colname="col2" stub-hierarchy="1">Department of Homeland Security</entry><entry colname="col3"/></row><row><entry colname="col1"/><entry colname="col2" stub-hierarchy="1">Department of State and Other International Programs</entry><entry colname="col3"/></row><row><entry colname="col1"/><entry colname="col2" stub-hierarchy="1">United States Agency for International Development</entry><entry colname="col3"/></row><row><entry colname="col1"/><entry colname="col2" stub-hierarchy="1">Broadcasting Board of Governors</entry><entry colname="col3"/></row><row><entry colname="col1"/><entry colname="col2" stub-hierarchy="1"/><entry colname="col3"/></row><row><entry colname="col1">May 4, 2017</entry><entry colname="col2" stub-hierarchy="1">Department of Agriculture</entry><entry colname="col3">H. Doc. No. 115-38</entry></row><row><entry colname="col1"/><entry colname="col2" stub-hierarchy="1">Department of Homeland Security</entry><entry colname="col3"/></row><row><entry colname="col1"/><entry colname="col2" stub-hierarchy="1">Department of Housing and Urban Development</entry><entry colname="col3"/></row><row><entry colname="col1"/><entry colname="col2" stub-hierarchy="1">Department of the Interior</entry><entry colname="col3"/></row><row><entry colname="col1"/><entry colname="col2" stub-hierarchy="1">Department of Transportation</entry><entry colname="col3"/></row><row><entry colname="col1"/><entry colname="col2" stub-hierarchy="1">National Aeronautics and Space Administration</entry><entry colname="col3"/></row></tbody></tgroup></table></narrative></transmit></account></fund-group></fund-class></bureau></bureau-group></agency></appendix-chapter>